transaction_id,user_id,timestamp,amount,location,merchant,merchant_category,device_id,ip_address,is_fraud,hour,day_of_week,is_night,amount_log,user_amt_mean,user_amt_std,user_amt_med,user_txn_total,txns_last_1min,txns_last_10min,txns_last_1h,time_since_last_tx,prev_city,location_change,is_round_amount,device_num,device_novel,ip3,ip4,distance_km,amount_z_user,amount_z_global,rule_flags,rule_score_raw,rule_score,rule_explain,model_proba,novelty_flag,final_score,predicted_fraud,explain,anomaly_percentage,anomaly_severity
TST_000075,USER_000220,2025-11-27 16:06:57.564719,1549.28,Jaipur,Amazon,Food,DEV_7633,192.168.192.29,0,16,3,0,7.346191,1549.28,26536.271,1549.28,1,1,1,1,,,0,0,7633,0,192.0,29.0,,0.0,-0.3220937,[],0.0,0.0,[],0.002657056035040539,0,0.0018599392245283774,0,"[{'source': 'model', 'proba': 0.002657056035040539, 'contrib': 0.0015942336210243234}]",0.19,INFO
TST_000026,USER_000266,2025-10-09 10:38:19.564719,50000.0,Pune,Amazon,Shopping,DEV_3873,192.168.123.60,0,10,3,0,10.819798,50000.0,26536.271,50000.0,1,1,1,1,,,0,1,3873,0,123.0,60.0,,0.0,1.5037363,['round_amount'],0.5,0.1,"[{'rule': 'round_amount', 'score': None, 'reason': ''}]",0.6445417795127003,0,0.4711792456588902,1,"[{'source': 'rule', 'rule': 'round_amount', 'contrib': None}, {'source': 'model', 'proba': 0.6445417795127003, 'contrib': 0.38672506770762016}]",47.12,LOW
TST_000144,USER_000551,2025-09-26 12:13:29.564719,423.31,Hyderabad,Swiggy,Food,DEV_4914,192.168.56.7,0,12,4,0,6.050464,423.31,26536.271,423.31,1,1,1,1,,,0,0,4914,0,56.0,7.0,,0.0,-0.36452505,[],0.0,0.0,[],0.0020892272669470907,0,0.0014624590868629634,0,"[{'source': 'model', 'proba': 0.0020892272669470907, 'contrib': 0.0012535363601682544}]",0.15,INFO
TST_000064,USER_000773,2025-09-04 02:52:17.564719,1116.31,Jaipur,Reliance,Entertainment,DEV_6465,192.168.54.6,0,2,3,1,7.018679,1116.31,26536.271,1116.31,1,1,1,1,,,0,0,6465,0,54.0,6.0,,0.0,-0.33840987,[],0.0,0.0,[],0.0025862276433839464,0,0.0018103593503687623,0,"[{'source': 'model', 'proba': 0.0025862276433839464, 'contrib': 0.0015517365860303679}]",0.18,INFO
TST_000143,USER_000978,2025-09-18 10:48:04.564719,1738.57,Pune,Reliance,Food,DEV_3285,192.168.48.236,0,10,3,0,7.4613934,1738.57,26536.271,1738.57,1,1,1,1,,,0,0,3285,0,48.0,236.0,,0.0,-0.31496045,[],0.0,0.0,[],0.0027828365727529535,0,0.0019479856009270674,0,"[{'source': 'model', 'proba': 0.0027828365727529535, 'contrib': 0.001669701943651772}]",0.19,INFO
TST_000137,USER_002064,2025-11-23 08:51:20.564719,1611.28,Kolkata,PayTM,Entertainment,DEV_5937,192.168.165.121,0,8,6,0,7.3854046,1611.28,26536.271,1611.28,1,1,1,1,,,0,0,5937,0,165.0,121.0,,0.0,-0.31975728,[],0.0,0.0,[],0.002880261059867519,0,0.0020161827419072635,0,"[{'source': 'model', 'proba': 0.002880261059867519, 'contrib': 0.0017281566359205116}]",0.2,INFO
TST_000125,USER_002094,2025-09-28 02:36:46.564719,1421.57,Delhi,Zomato,Grocery,DEV_7664,192.168.106.126,0,2,6,1,7.2602205,1421.57,26536.271,1421.57,1,1,1,1,,,0,0,7664,0,106.0,126.0,,0.0,-0.32690635,[],0.0,0.0,[],0.0038138373010508215,0,0.002669686110735575,0,"[{'source': 'model', 'proba': 0.0038138373010508215, 'contrib': 0.0022883023806304927}]",0.27,INFO
TST_F_000009,USER_002176,2025-11-24 20:09:08.564719,50751.89,Delhi,PhonePe,Grocery,DEV_15326,10.0.226.215,1,20,0,0,10.834723,50751.89,26536.271,50751.89,1,1,1,1,,,0,0,15326,0,226.0,215.0,,0.0,1.5320708,[],0.0,0.0,[],0.6445417795127003,0,0.45117924565889017,1,"[{'source': 'model', 'proba': 0.6445417795127003, 'contrib': 0.38672506770762016}]",45.12,LOW
TST_000077,USER_002520,2025-09-04 03:48:20.564719,844.58,Mumbai,BigBazaar,Food,DEV_225,192.168.243.89,0,3,3,1,6.7400227,844.58,26536.271,844.58,1,1,1,1,,,0,0,225,0,243.0,89.0,,0.0,-0.3486498,[],0.0,0.0,[],0.0032879940957747647,0,0.002301595867042335,0,"[{'source': 'model', 'proba': 0.0032879940957747647, 'contrib': 0.0019727964574648587}]",0.23,INFO
TST_000039,USER_002552,2025-10-28 03:24:00.564719,312.4,Jaipur,Swiggy,Shopping,DEV_4214,192.168.140.106,0,3,1,1,5.7474804,312.4,26536.271,312.4,1,1,1,1,,,0,0,4214,0,140.0,106.0,,0.0,-0.36870462,[],0.0,0.0,[],0.0025639647447296596,0,0.0017947753213107616,0,"[{'source': 'model', 'proba': 0.0025639647447296596, 'contrib': 0.0015383788468377958}]",0.18,INFO
TST_000052,USER_002806,2025-10-25 11:21:42.564719,641.82,Lucknow,PhonePe,Shopping,DEV_584,192.168.185.248,0,11,5,0,6.4658647,641.82,26536.271,641.82,1,1,1,1,,,0,0,584,0,185.0,248.0,,0.0,-0.35629067,[],0.0,0.0,[],0.002881651478322475,0,0.0020171560348257326,0,"[{'source': 'model', 'proba': 0.002881651478322475, 'contrib': 0.001728990886993485}]",0.2,INFO
TST_000121,USER_003326,2025-11-09 07:47:56.564719,387.28,Jaipur,BigBazaar,Food,DEV_4137,192.168.124.139,0,7,6,0,5.9617267,387.28,26536.271,387.28,1,1,1,1,,,0,0,4137,0,124.0,139.0,,0.0,-0.3658828,[],0.0,0.0,[],0.0020091700888847587,0,0.001406419062219331,0,"[{'source': 'model', 'proba': 0.0020091700888847587, 'contrib': 0.0012055020533308551}]",0.14,INFO
TST_000087,USER_003443,2025-11-03 12:42:24.564719,275.53,Hyderabad,PhonePe,Grocery,DEV_6247,192.168.178.80,0,12,0,0,5.622319,275.53,26536.271,275.53,1,1,1,1,,,0,0,6247,0,178.0,80.0,,0.0,-0.37009403,[],0.0,0.0,[],0.0020091700888847587,0,0.001406419062219331,0,"[{'source': 'model', 'proba': 0.0020091700888847587, 'contrib': 0.0012055020533308551}]",0.14,INFO
TST_000024,USER_003610,2025-10-17 16:08:23.564719,704.4,Chennai,PhonePe,Food,DEV_6119,192.168.211.5,0,16,4,0,6.558765,704.4,26536.271,704.4,1,1,1,1,,,0,0,6119,0,211.0,5.0,,0.0,-0.35393238,[],0.0,0.0,[],0.004341864252642196,0,0.003039304976849537,0,"[{'source': 'model', 'proba': 0.004341864252642196, 'contrib': 0.002605118551585318}]",0.3,INFO
TST_000036,USER_005172,2025-11-22 18:08:34.564719,2091.47,Delhi,Zomato,Entertainment,DEV_2583,192.168.36.141,0,18,5,0,7.6461005,2091.47,26536.271,2091.47,1,1,1,1,,,0,0,2583,0,36.0,141.0,,0.0,-0.30166167,[],0.0,0.0,[],0.005015061903932146,0,0.003510543332752502,0,"[{'source': 'model', 'proba': 0.005015061903932146, 'contrib': 0.003009037142359287}]",0.35,INFO
TST_000058,USER_005431,2025-11-12 15:46:13.564719,1278.93,Lucknow,BigBazaar,Entertainment,DEV_5174,192.168.155.70,0,15,2,0,7.1545606,1278.93,26536.271,1278.93,1,1,1,1,,,0,0,5174,0,155.0,70.0,,0.0,-0.33228165,[],0.0,0.0,[],0.0026587747673077716,0,0.00186114233711544,0,"[{'source': 'model', 'proba': 0.0026587747673077716, 'contrib': 0.001595264860384663}]",0.19,INFO
TST_000014,USER_005479,2025-09-04 05:20:23.564719,381.22,Hyderabad,Zomato,Food,DEV_5040,192.168.68.133,0,5,3,0,5.9459963,381.22,26536.271,381.22,1,1,1,1,,,0,0,5040,0,68.0,133.0,,0.0,-0.3661112,[],0.0,0.0,[],0.0018349386505309192,0,0.0012844570553716434,0,"[{'source': 'model', 'proba': 0.0018349386505309192, 'contrib': 0.0011009631903185514}]",0.13,INFO
TST_000046,USER_006690,2025-10-16 03:45:11.564719,896.64,Lucknow,Zomato,Entertainment,DEV_1982,192.168.137.52,0,3,3,1,6.799769,896.64,26536.271,896.64,1,1,1,1,,,0,0,1982,0,137.0,52.0,,0.0,-0.34668797,[],0.0,0.0,[],0.0047303715733443925,0,0.0033112601013410748,0,"[{'source': 'model', 'proba': 0.0047303715733443925, 'contrib': 0.0028382229440066355}]",0.33,INFO
TST_000142,USER_007852,2025-11-29 08:12:11.564719,853.23,Bangalore,BigBazaar,Grocery,DEV_4108,192.168.184.102,0,8,5,0,6.7502003,853.23,26536.271,853.23,1,1,1,1,,,0,0,4108,0,184.0,102.0,,0.0,-0.34832382,[],0.0,0.0,[],0.0026800897112212864,0,0.0018760627978549004,0,"[{'source': 'model', 'proba': 0.0026800897112212864, 'contrib': 0.0016080538267327718}]",0.19,INFO
TST_000097,USER_007880,2025-10-10 04:30:21.564719,687.12,Bangalore,Reliance,Food,DEV_4225,192.168.27.52,0,4,4,1,6.533963,687.12,26536.271,687.12,1,1,1,1,,,0,0,4225,0,27.0,52.0,,0.0,-0.35458356,[],0.0,0.0,[],0.004194684405879067,0,0.0029362790841153466,0,"[{'source': 'model', 'proba': 0.004194684405879067, 'contrib': 0.00251681064352744}]",0.29,INFO
TST_000015,USER_008095,2025-10-04 11:21:30.564719,2196.99,Chennai,Swiggy,Grocery,DEV_537,192.168.202.8,0,11,5,0,7.6952987,2196.99,26536.271,2196.99,1,1,1,1,,,0,0,537,0,202.0,8.0,,0.0,-0.2976852,[],0.0,0.0,[],0.00440123127827753,0,0.0030808618947942706,0,"[{'source': 'model', 'proba': 0.00440123127827753, 'contrib': 0.0026407387669665178}]",0.31,INFO
TST_000108,USER_008360,2025-11-24 12:34:50.564719,6708.47,Chennai,Flipkart,Entertainment,DEV_995,192.168.252.158,0,12,0,0,8.8112755,6708.47,26536.271,6708.47,1,1,1,1,,,0,0,995,0,252.0,158.0,,0.0,-0.12767339,[],0.0,0.0,[],0.0022215126085110156,0,0.0015550588259577109,0,"[{'source': 'model', 'proba': 0.0022215126085110156, 'contrib': 0.0013329075651066092}]",0.16,INFO
TST_F_000010,USER_008502,2025-09-26 20:06:08.564719,117530.79,Hyderabad,PhonePe,Entertainment,DEV_11500,10.0.108.149,1,20,4,0,11.674464,117530.79,26536.271,117530.79,1,1,1,1,,,0,0,11500,0,108.0,149.0,,0.0,4.048585,['global_amount_outlier'],0.40485849380493166,0.08097169876098634,"[{'rule': 'global_amount_outlier', 'score': None, 'reason': ''}]",0.6445417795127003,0,0.4673735854110874,1,"[{'source': 'rule', 'rule': 'global_amount_outlier', 'contrib': None}, {'source': 'model', 'proba': 0.6445417795127003, 'contrib': 0.38672506770762016}]",46.74,LOW
TST_000160,USER_008539,2025-10-22 10:22:17.564719,352.53,Chennai,PhonePe,Grocery,DEV_5107,192.168.84.211,0,10,2,0,5.8679686,352.53,26536.271,352.53,1,1,1,1,,,0,0,5107,0,84.0,211.0,,0.0,-0.36719236,[],0.0,0.0,[],0.0020091700888847587,0,0.001406419062219331,0,"[{'source': 'model', 'proba': 0.0020091700888847587, 'contrib': 0.0012055020533308551}]",0.14,INFO
TST_000127,USER_008714,2025-11-03 02:46:17.564719,4580.55,Delhi,Amazon,Entertainment,DEV_7334,192.168.194.164,0,2,0,1,8.429792,4580.55,26536.271,4580.55,1,1,1,1,,,0,0,7334,0,194.0,164.0,,0.0,-0.2078625,[],0.0,0.0,[],0.15830973778786536,0,0.11081681645150575,0,"[{'source': 'model', 'proba': 0.15830973778786536, 'contrib': 0.09498584267271921}]",11.08,INFO
TST_F_000003,USER_009073,2025-10-25 02:01:08.564719,77026.1,Hyderabad,Unknown_Vendor,Shopping,DEV_8326,10.0.32.27,1,2,5,1,11.251912,77026.1,26536.271,77026.1,1,1,1,1,,,0,0,8326,0,32.0,27.0,,0.0,2.522195,[],0.0,0.0,[],0.9878482656218037,0,0.6914937859352626,1,"[{'source': 'model', 'proba': 0.9878482656218037, 'contrib': 0.5927089593730822}]",69.15,MEDIUM
TST_000023,USER_009421,2025-10-19 16:35:42.564719,306.2,Ahmedabad,Swiggy,Shopping,DEV_670,192.168.112.236,0,16,6,0,5.727499,306.2,26536.271,306.2,1,1,1,1,,,0,0,670,0,112.0,236.0,,0.0,-0.36893827,[],0.0,0.0,[],0.0018349386505309192,0,0.0012844570553716434,0,"[{'source': 'model', 'proba': 0.0018349386505309192, 'contrib': 0.0011009631903185514}]",0.13,INFO
TST_000128,USER_009427,2025-09-03 05:45:33.564719,1009.83,Delhi,PayTM,Food,DEV_4097,192.168.21.212,0,5,2,0,6.918527,1009.83,26536.271,1009.83,1,1,1,1,,,0,0,4097,0,21.0,212.0,,0.0,-0.3424225,[],0.0,0.0,[],0.002522604498959387,0,0.001765823149271571,0,"[{'source': 'model', 'proba': 0.002522604498959387, 'contrib': 0.0015135626993756323}]",0.18,INFO
TST_000030,USER_009873,2025-10-17 15:59:38.564719,566.49,Ahmedabad,BigBazaar,Food,DEV_6687,192.168.212.115,0,15,4,0,6.3412232,566.49,26536.271,566.49,1,1,1,1,,,0,0,6687,0,212.0,115.0,,0.0,-0.35912943,[],0.0,0.0,[],0.003201156514270379,0,0.0022408095599892653,0,"[{'source': 'model', 'proba': 0.003201156514270379, 'contrib': 0.0019206939085622274}]",0.22,INFO
TST_000086,USER_010239,2025-10-14 18:00:43.564719,2725.4,Kolkata,PayTM,Entertainment,DEV_4708,192.168.34.13,0,18,1,0,7.9107375,2725.4,26536.271,2725.4,1,1,1,1,,,0,0,4708,0,34.0,13.0,,0.0,-0.2777725,[],0.0,0.0,[],0.0035780026378373258,0,0.0025046018464861277,0,"[{'source': 'model', 'proba': 0.0035780026378373258, 'contrib': 0.0021468015827023953}]",0.25,INFO
TST_000162,USER_010917,2025-11-13 14:53:49.564719,448.89,Lucknow,Swiggy,Grocery,DEV_3304,192.168.105.235,0,14,3,0,6.109003,448.89,26536.271,448.89,1,1,1,1,,,0,0,3304,0,105.0,235.0,,0.0,-0.3635611,[],0.0,0.0,[],0.0018349386505309192,0,0.0012844570553716434,0,"[{'source': 'model', 'proba': 0.0018349386505309192, 'contrib': 0.0011009631903185514}]",0.13,INFO
TST_000065,USER_010931,2025-09-08 02:02:04.564719,1195.17,Mumbai,Reliance,Grocery,DEV_6488,192.168.66.39,0,2,0,1,7.08688,1195.17,26536.271,1195.17,1,1,1,1,,,0,0,6488,0,66.0,39.0,,0.0,-0.33543807,[],0.0,0.0,[],0.0035872528670310177,0,0.0025110770069217123,0,"[{'source': 'model', 'proba': 0.0035872528670310177, 'contrib': 0.0021523517202186107}]",0.25,INFO
TST_000017,USER_010940,2025-11-15 09:41:16.564719,1099.54,Ahmedabad,Zomato,Shopping,DEV_1384,192.168.87.176,0,9,5,0,7.0035563,1099.54,26536.271,1099.54,1,1,1,1,,,0,0,1384,0,87.0,176.0,,0.0,-0.33904183,[],0.0,0.0,[],0.002719111900279406,0,0.001903378330195584,0,"[{'source': 'model', 'proba': 0.002719111900279406, 'contrib': 0.0016314671401676435}]",0.19,INFO
TST_000140,USER_011206,2025-11-11 08:21:53.564719,799.89,Delhi,BigBazaar,Grocery,DEV_4189,192.168.227.181,0,8,1,0,6.685724,799.89,26536.271,799.89,1,1,1,1,,,0,0,4189,0,227.0,181.0,,0.0,-0.3503339,[],0.0,0.0,[],0.002715392974247214,0,0.0019007750819730496,0,"[{'source': 'model', 'proba': 0.002715392974247214, 'contrib': 0.0016292357845483281}]",0.19,INFO
TST_000158,USER_011786,2025-09-22 17:38:52.564719,760.52,Mumbai,PayTM,Shopping,DEV_3496,192.168.120.79,0,17,0,0,6.6353164,760.52,26536.271,760.52,1,1,1,1,,,0,0,3496,0,120.0,79.0,,0.0,-0.35181755,[],0.0,0.0,[],0.002609650307513089,0,0.0018267552152591623,0,"[{'source': 'model', 'proba': 0.002609650307513089, 'contrib': 0.0015657901845078533}]",0.18,INFO
TST_000034,USER_012005,2025-10-27 13:58:30.564719,8705.78,Mumbai,PhonePe,Food,DEV_2326,192.168.9.146,0,13,0,0,9.071857,8705.78,26536.271,8705.78,1,1,1,1,,,0,0,2326,0,9.0,146.0,,0.0,-0.052406225,[],0.0,0.0,[],0.0009687667795539981,0,0.0006781367456877986,0,"[{'source': 'model', 'proba': 0.0009687667795539981, 'contrib': 0.0005812600677323988}]",0.07,INFO
TST_F_000000,USER_012620,2025-10-24 20:09:08.564719,45801.48,Jaipur,PayTM,Entertainment,DEV_9098,10.0.253.109,1,20,4,0,10.732094,45801.48,26536.271,45801.48,1,1,1,1,,,0,0,9098,0,253.0,109.0,,0.0,1.3455181,[],0.0,0.0,[],0.6445417795127003,0,0.45117924565889017,1,"[{'source': 'model', 'proba': 0.6445417795127003, 'contrib': 0.38672506770762016}]",45.12,LOW
TST_000049,USER_012759,2025-09-10 06:52:55.564719,1474.89,Chennai,Zomato,Shopping,DEV_5470,192.168.159.37,0,6,2,0,7.2970166,1474.89,26536.271,1474.89,1,1,1,1,,,0,0,5470,0,159.0,37.0,,0.0,-0.32489702,[],0.0,0.0,[],0.002979902431501309,0,0.002085931702050916,0,"[{'source': 'model', 'proba': 0.002979902431501309, 'contrib': 0.0017879414589007853}]",0.21,INFO
TST_F_000005,USER_012795,2025-11-11 00:03:08.564719,45313.86,Lucknow,PhonePe,Entertainment,DEV_15015,10.0.79.146,1,0,1,1,10.721391,45313.86,26536.271,45313.86,1,1,1,1,,,0,0,15015,0,79.0,146.0,,0.0,1.3271425,[],0.0,0.0,[],0.9878482656218037,0,0.6914937859352626,1,"[{'source': 'model', 'proba': 0.9878482656218037, 'contrib': 0.5927089593730822}]",69.15,MEDIUM
TST_F_000004,USER_013059,2025-10-02 07:34:08.564719,25000.0,Pune,Swiggy,Food,DEV_8452,10.0.226.11,1,7,3,0,10.126671,25000.0,26536.271,25000.0,1,1,1,1,,,0,1,8452,0,226.0,11.0,,0.0,0.56162953,['round_amount'],0.5,0.1,"[{'rule': 'round_amount', 'score': None, 'reason': ''}]",0.6445417795127003,0,0.4711792456588902,1,"[{'source': 'rule', 'rule': 'round_amount', 'contrib': None}, {'source': 'model', 'proba': 0.6445417795127003, 'contrib': 0.38672506770762016}]",47.12,LOW
TST_000042,USER_013117,2025-11-01 15:53:39.564719,1223.59,Lucknow,Flipkart,Entertainment,DEV_4650,192.168.60.66,0,15,5,0,7.1103616,1223.59,26536.271,1223.59,1,1,1,1,,,0,0,4650,0,60.0,66.0,,0.0,-0.3343671,[],0.0,0.0,[],0.0025971952177522256,0,0.0018180366524265577,0,"[{'source': 'model', 'proba': 0.0025971952177522256, 'contrib': 0.0015583171306513353}]",0.18,INFO
TST_000078,USER_013134,2025-10-08 07:14:23.564719,2318.06,Mumbai,Amazon,Shopping,DEV_4141,192.168.143.202,0,7,2,0,7.748917,2318.06,26536.271,2318.06,1,1,1,1,,,0,0,4141,0,143.0,202.0,,0.0,-0.2931228,[],0.0,0.0,[],0.004118187723216562,0,0.002882731406251593,0,"[{'source': 'model', 'proba': 0.004118187723216562, 'contrib': 0.002470912633929937}]",0.29,INFO
TST_000111,USER_014285,2025-09-15 06:43:46.564719,1071.54,Delhi,Amazon,Entertainment,DEV_1751,192.168.160.159,0,6,0,0,6.977785,1071.54,26536.271,1071.54,1,1,1,1,,,0,0,1751,0,160.0,159.0,,0.0,-0.34009698,[],0.0,0.0,[],0.002867183770248305,0,0.0020070286391738134,0,"[{'source': 'model', 'proba': 0.002867183770248305, 'contrib': 0.001720310262148983}]",0.2,INFO
TST_000134,USER_014562,2025-11-11 15:26:35.564719,447.24,Mumbai,Reliance,Shopping,DEV_2098,192.168.237.19,0,15,1,0,6.105329,447.24,26536.271,447.24,1,1,1,1,,,0,0,2098,0,237.0,19.0,,0.0,-0.36362326,[],0.0,0.0,[],0.0019337336298775292,0,0.0013536135409142704,0,"[{'source': 'model', 'proba': 0.0019337336298775292, 'contrib': 0.0011602401779265176}]",0.14,INFO
TST_000057,USER_015092,2025-09-19 05:27:44.564719,4098.06,Mumbai,Reliance,Entertainment,DEV_3626,192.168.2.162,0,5,4,0,8.318513,4098.06,26536.271,4098.06,1,1,1,1,,,0,0,3626,0,2.0,162.0,,0.0,-0.22604479,[],0.0,0.0,[],0.013420179411600668,0,0.009394125588120467,0,"[{'source': 'model', 'proba': 0.013420179411600668, 'contrib': 0.0080521076469604}]",0.94,INFO
TST_000079,USER_015679,2025-11-27 17:01:03.564719,4338.12,Jaipur,Zomato,Shopping,DEV_4170,192.168.137.55,0,17,3,0,8.375427,4338.12,26536.271,4338.12,1,1,1,1,,,0,0,4170,0,137.0,55.0,,0.0,-0.2169983,[],0.0,0.0,[],0.02299424786910615,0,0.016095973508374304,0,"[{'source': 'model', 'proba': 0.02299424786910615, 'contrib': 0.01379654872146369}]",1.61,INFO
TST_000027,USER_015716,2025-09-14 06:43:49.564719,105.16,Ahmedabad,PayTM,Food,DEV_3986,192.168.106.35,0,6,6,0,4.6649475,105.16,26536.271,105.16,1,1,1,1,,,0,0,3986,0,106.0,35.0,,0.0,-0.37651432,[],0.0,0.0,[],0.0020091700888847587,0,0.001406419062219331,0,"[{'source': 'model', 'proba': 0.0020091700888847587, 'contrib': 0.0012055020533308551}]",0.14,INFO
TST_000106,USER_016016,2025-09-14 13:29:24.564719,571.91,Pune,PhonePe,Food,DEV_6989,192.168.227.196,0,13,6,0,6.3507285,571.91,26536.271,571.91,1,1,1,1,,,0,0,6989,0,227.0,196.0,,0.0,-0.35892516,[],0.0,0.0,[],0.0032753037086719838,0,0.0022927125960703885,0,"[{'source': 'model', 'proba': 0.0032753037086719838, 'contrib': 0.00196518222520319}]",0.23,INFO
TST_000120,USER_016550,2025-10-11 01:36:41.564719,408.88,Bangalore,PhonePe,Food,DEV_6135,192.168.70.252,0,1,5,1,6.0158644,408.88,26536.271,408.88,1,1,1,1,,,0,0,6135,0,70.0,252.0,,0.0,-0.36506885,[],0.0,0.0,[],0.0024969115786909017,0,0.001747838105083631,0,"[{'source': 'model', 'proba': 0.0024969115786909017, 'contrib': 0.001498146947214541}]",0.17,INFO
TST_000133,USER_016848,2025-10-04 02:43:42.564719,3225.79,Kolkata,BigBazaar,Entertainment,DEV_6739,192.168.138.205,0,2,5,1,8.079243,3225.79,26536.271,3225.79,1,1,1,1,,,0,0,6739,0,138.0,205.0,,0.0,-0.25891563,[],0.0,0.0,[],0.016068088310963003,0,0.011247661817674101,0,"[{'source': 'model', 'proba': 0.016068088310963003, 'contrib': 0.009640852986577802}]",1.12,INFO
TST_F_000023,USER_017158,2025-11-08 13:55:08.564719,23014.14,Mumbai,Gambling_Site,Food,DEV_8187,10.0.240.218,1,13,5,0,10.043907,23014.14,26536.271,23014.14,1,1,1,1,,,0,0,8187,0,240.0,218.0,,0.0,0.48679388,[],0.0,0.0,[],0.43190934963532646,0,0.3023365447447285,0,"[{'source': 'model', 'proba': 0.43190934963532646, 'contrib': 0.2591456097811959}]",30.23,LOW
TST_000060,USER_017664,2025-11-13 04:30:15.564719,2492.17,Bangalore,PhonePe,Entertainment,DEV_4743,192.168.53.171,0,4,3,1,7.82131,2492.17,26536.271,2492.17,1,1,1,1,,,0,0,4743,0,53.0,171.0,,0.0,-0.28656158,[],0.0,0.0,[],0.008107347314610103,0,0.005675143120227072,0,"[{'source': 'model', 'proba': 0.008107347314610103, 'contrib': 0.004864408388766062}]",0.57,INFO
TST_000155,USER_017668,2025-11-13 14:11:35.564719,507.75,Hyderabad,PhonePe,Entertainment,DEV_6459,192.168.112.217,0,14,3,0,6.231957,507.75,26536.271,507.75,1,1,1,1,,,0,0,6459,0,112.0,217.0,,0.0,-0.361343,[],0.0,0.0,[],0.004666859575466078,0,0.0032668017028262544,0,"[{'source': 'model', 'proba': 0.004666859575466078, 'contrib': 0.0028001157452796467}]",0.33,INFO
TST_000054,USER_017791,2025-11-03 06:04:39.564719,3508.15,Pune,Flipkart,Shopping,DEV_4165,192.168.204.175,0,6,0,0,8.163129,3508.15,26536.271,3508.15,1,1,1,1,,,0,0,4165,0,204.0,175.0,,0.0,-0.24827512,[],0.0,0.0,[],0.004230620398447605,0,0.002961434278913323,0,"[{'source': 'model', 'proba': 0.004230620398447605, 'contrib': 0.002538372239068563}]",0.3,INFO
TST_F_000007,USER_017809,2025-10-31 05:53:08.564719,34454.06,Mumbai,Reliance,Shopping,DEV_15060,10.0.116.143,1,5,4,0,10.447412,34454.06,26536.271,34454.06,1,1,1,1,,,0,0,15060,0,116.0,143.0,,0.0,0.9178989,[],0.0,0.0,[],0.6445417795127003,0,0.45117924565889017,1,"[{'source': 'model', 'proba': 0.6445417795127003, 'contrib': 0.38672506770762016}]",45.12,LOW
TST_000035,USER_018703,2025-09-09 13:36:44.564719,1262.22,Pune,Swiggy,Grocery,DEV_4532,192.168.115.108,0,13,1,0,7.1414194,1262.22,26536.271,1262.22,1,1,1,1,,,0,0,4532,0,115.0,108.0,,0.0,-0.33291134,[],0.0,0.0,[],0.0026864679010583825,0,0.0018805275307408676,0,"[{'source': 'model', 'proba': 0.0026864679010583825, 'contrib': 0.0016118807406350294}]",0.19,INFO
TST_000107,USER_019085,2025-10-17 05:17:22.564719,450.18,Lucknow,PayTM,Entertainment,DEV_5071,192.168.146.238,0,5,4,0,6.1118665,450.18,26536.271,450.18,1,1,1,1,,,0,0,5071,0,146.0,238.0,,0.0,-0.3635125,[],0.0,0.0,[],0.0020091700888847587,0,0.001406419062219331,0,"[{'source': 'model', 'proba': 0.0020091700888847587, 'contrib': 0.0012055020533308551}]",0.14,INFO
TST_000095,USER_019111,2025-10-16 13:59:22.564719,531.89,Delhi,Amazon,Entertainment,DEV_7518,192.168.252.94,0,13,3,0,6.278315,531.89,26536.271,531.89,1,1,1,1,,,0,0,7518,0,252.0,94.0,,0.0,-0.3604333,[],0.0,0.0,[],0.002317846230417942,0,0.0016224923612925591,0,"[{'source': 'model', 'proba': 0.002317846230417942, 'contrib': 0.0013907077382507651}]",0.16,INFO
TST_000068,USER_019651,2025-11-12 17:08:43.564719,2743.14,Lucknow,PayTM,Shopping,DEV_3339,192.168.18.169,0,17,2,0,7.917223,2743.14,26536.271,2743.14,1,1,1,1,,,0,0,3339,0,18.0,169.0,,0.0,-0.27710396,[],0.0,0.0,[],0.0037195297269568954,0,0.002603670808869827,0,"[{'source': 'model', 'proba': 0.0037195297269568954, 'contrib': 0.002231717836174137}]",0.26,INFO
TST_000066,USER_019785,2025-11-20 17:33:11.564719,637.38,Mumbai,Flipkart,Shopping,DEV_756,192.168.95.33,0,17,3,0,6.458934,637.38,26536.271,637.38,1,1,1,1,,,0,0,756,0,95.0,33.0,,0.0,-0.35645798,[],0.0,0.0,[],0.0034264560978974267,0,0.0023985192685281984,0,"[{'source': 'model', 'proba': 0.0034264560978974267, 'contrib': 0.002055873658738456}]",0.24,INFO
TST_000040,USER_019862,2025-09-08 05:40:17.564719,559.87,Kolkata,Swiggy,Entertainment,DEV_7948,192.168.52.165,0,5,0,0,6.329489,559.87,26536.271,559.87,1,1,1,1,,,0,0,7948,0,52.0,165.0,,0.0,-0.3593789,[],0.0,0.0,[],0.003369917001632494,0,0.0023589419011427457,0,"[{'source': 'model', 'proba': 0.003369917001632494, 'contrib': 0.0020219502009794963}]",0.24,INFO
TST_000047,USER_020055,2025-11-07 06:58:02.564719,800.99,Delhi,Zomato,Shopping,DEV_1056,192.168.174.245,0,6,4,0,6.687096,800.99,26536.271,800.99,1,1,1,1,,,0,0,1056,0,174.0,245.0,,0.0,-0.35029247,[],0.0,0.0,[],0.0021468919475944037,0,0.0015028243633160826,0,"[{'source': 'model', 'proba': 0.0021468919475944037, 'contrib': 0.001288135168556642}]",0.15,INFO
TST_F_000017,USER_020117,2025-10-03 13:51:08.564719,76509.68,Kolkata,Amazon,Grocery,DEV_12550,10.0.214.180,1,13,4,0,11.245186,76509.68,26536.271,76509.68,1,1,1,1,,,0,0,12550,0,214.0,180.0,,0.0,2.5027342,[],0.0,0.0,[],0.6445417795127003,0,0.45117924565889017,1,"[{'source': 'model', 'proba': 0.6445417795127003, 'contrib': 0.38672506770762016}]",45.12,LOW
TST_000056,USER_021048,2025-10-27 10:52:07.564719,730.43,Delhi,Amazon,Food,DEV_5065,192.168.20.180,0,10,0,0,6.5950017,730.43,26536.271,730.43,1,1,1,1,,,0,0,5065,0,20.0,180.0,,0.0,-0.35295147,[],0.0,0.0,[],0.0030148210084796857,0,0.00211037470593578,0,"[{'source': 'model', 'proba': 0.0030148210084796857, 'contrib': 0.0018088926050878113}]",0.21,INFO
TST_000117,USER_021267,2025-10-21 04:30:06.564719,3015.9,Bangalore,Amazon,Shopping,DEV_2597,192.168.31.125,0,4,1,1,8.011985,3015.9,26536.271,3015.9,1,1,1,1,,,0,0,2597,0,31.0,125.0,,0.0,-0.2668252,[],0.0,0.0,[],0.01599109159309896,0,0.011193764115169272,0,"[{'source': 'model', 'proba': 0.01599109159309896, 'contrib': 0.009594654955859377}]",1.12,INFO
TST_000151,USER_022112,2025-11-15 05:28:27.564719,578.38,Kolkata,BigBazaar,Food,DEV_6411,192.168.175.56,0,5,5,0,6.3619585,578.38,26536.271,578.38,1,1,1,1,,,0,0,6411,0,175.0,56.0,,0.0,-0.35868135,[],0.0,0.0,[],0.0035076282933445054,0,0.0024553398053411535,0,"[{'source': 'model', 'proba': 0.0035076282933445054, 'contrib': 0.0021045769760067033}]",0.25,INFO
TST_000031,USER_022119,2025-10-13 16:45:36.564719,4193.11,Mumbai,PhonePe,Grocery,DEV_1197,192.168.33.37,0,16,0,0,8.341436,4193.11,26536.271,4193.11,1,1,1,1,,,0,0,1197,0,33.0,37.0,,0.0,-0.22246289,[],0.0,0.0,[],0.014429793970543016,0,0.01010085577938011,0,"[{'source': 'model', 'proba': 0.014429793970543016, 'contrib': 0.008657876382325808}]",1.01,INFO
TST_000131,USER_022655,2025-11-28 13:38:57.564719,2264.05,Hyderabad,Flipkart,Shopping,DEV_3931,192.168.110.147,0,13,4,0,7.7253523,2264.05,26536.271,2264.05,1,1,1,1,,,0,0,3931,0,110.0,147.0,,0.0,-0.29515812,[],0.0,0.0,[],0.0037483855428839,0,0.00262386988001873,0,"[{'source': 'model', 'proba': 0.0037483855428839, 'contrib': 0.00224903132573034}]",0.26,INFO
TST_000037,USER_023523,2025-11-18 05:23:25.564719,819.93,Bangalore,Zomato,Food,DEV_7991,192.168.222.123,0,5,1,0,6.710438,819.93,26536.271,819.93,1,1,1,1,,,0,0,7991,0,222.0,123.0,,0.0,-0.3495787,[],0.0,0.0,[],0.0029014099744921855,0,0.0020309869821445296,0,"[{'source': 'model', 'proba': 0.0029014099744921855, 'contrib': 0.0017408459846953112}]",0.2,INFO
TST_000104,USER_023718,2025-09-29 09:07:30.564719,645.98,Hyderabad,Zomato,Entertainment,DEV_3559,192.168.59.20,0,9,0,0,6.4723153,645.98,26536.271,645.98,1,1,1,1,,,0,0,3559,0,59.0,20.0,,0.0,-0.3561339,[],0.0,0.0,[],0.0035163593662229653,0,0.0024614515563560757,0,"[{'source': 'model', 'proba': 0.0035163593662229653, 'contrib': 0.002109815619733779}]",0.25,INFO
TST_000147,USER_024070,2025-11-19 16:50:38.564719,1440.1,Pune,Reliance,Grocery,DEV_7798,192.168.218.147,0,16,2,0,7.273162,1440.1,26536.271,1440.1,1,1,1,1,,,0,0,7798,0,218.0,147.0,,0.0,-0.32620806,[],0.0,0.0,[],0.002537763650470723,0,0.001776434555329506,0,"[{'source': 'model', 'proba': 0.002537763650470723, 'contrib': 0.0015226581902824338}]",0.18,INFO
TST_000116,USER_024159,2025-10-21 07:02:43.564719,780.31,Pune,BigBazaar,Shopping,DEV_3648,192.168.60.24,0,7,1,0,6.660972,780.31,26536.271,780.31,1,1,1,1,,,0,0,3648,0,60.0,24.0,,0.0,-0.35107177,[],0.0,0.0,[],0.002781383209537088,0,0.0019469682466759614,0,"[{'source': 'model', 'proba': 0.002781383209537088, 'contrib': 0.0016688299257222527}]",0.19,INFO
TST_000119,USER_024452,2025-11-06 02:05:40.564719,3774.94,Pune,Reliance,Shopping,DEV_3203,192.168.171.114,0,2,3,1,8.236404,3774.94,26536.271,3774.94,1,1,1,1,,,0,0,3203,0,171.0,114.0,,0.0,-0.23822133,[],0.0,0.0,[],0.023971670109771092,0,0.016780169076839765,0,"[{'source': 'model', 'proba': 0.023971670109771092, 'contrib': 0.014383002065862655}]",1.68,INFO
TST_000090,USER_024462,2025-09-13 16:33:32.564719,1828.94,Chennai,Reliance,Food,DEV_3592,192.168.113.35,0,16,5,0,7.512038,1828.94,26536.271,1828.94,1,1,1,1,,,0,0,3592,0,113.0,35.0,,0.0,-0.3115549,[],0.0,0.0,[],0.002603534223091427,0,0.001822473956163999,0,"[{'source': 'model', 'proba': 0.002603534223091427, 'contrib': 0.0015621205338548561}]",0.18,INFO
TST_000085,USER_025702,2025-11-06 14:32:37.564719,338.46,Hyderabad,Flipkart,Food,DEV_866,192.168.144.142,0,14,3,0,5.8273563,338.46,26536.271,338.46,1,1,1,1,,,0,0,866,0,144.0,142.0,,0.0,-0.36772257,[],0.0,0.0,[],0.0020091700888847587,0,0.001406419062219331,0,"[{'source': 'model', 'proba': 0.0020091700888847587, 'contrib': 0.0012055020533308551}]",0.14,INFO
TST_000129,USER_025782,2025-11-09 14:57:07.564719,324.75,Kolkata,Amazon,Shopping,DEV_7431,192.168.20.85,0,14,6,0,5.7861304,324.75,26536.271,324.75,1,1,1,1,,,0,0,7431,0,20.0,85.0,,0.0,-0.36823922,[],0.0,0.0,[],0.002015337121965589,0,0.0014107359853759121,0,"[{'source': 'model', 'proba': 0.002015337121965589, 'contrib': 0.0012092022731793534}]",0.14,INFO
TST_000124,USER_026260,2025-11-20 05:09:18.564719,2623.95,Pune,Swiggy,Entertainment,DEV_3358,192.168.89.139,0,5,3,0,7.872817,2623.95,26536.271,2623.95,1,1,1,1,,,0,0,3358,0,89.0,139.0,,0.0,-0.28159556,[],0.0,0.0,[],0.005653344910550852,0,0.003957341437385596,0,"[{'source': 'model', 'proba': 0.005653344910550852, 'contrib': 0.0033920069463305113}]",0.4,INFO
TST_000139,USER_026599,2025-10-04 15:23:20.564719,851.59,Delhi,Amazon,Shopping,DEV_140,192.168.168.179,0,15,5,0,6.7482786,851.59,26536.271,851.59,1,1,1,1,,,0,0,140,0,168.0,179.0,,0.0,-0.34838563,[],0.0,0.0,[],0.00291376550338986,0,0.002039635852372902,0,"[{'source': 'model', 'proba': 0.00291376550338986, 'contrib': 0.0017482593020339162}]",0.2,INFO
TST_000098,USER_026980,2025-10-06 16:57:24.564719,93.47,Kolkata,PayTM,Food,DEV_7800,192.168.81.84,0,16,0,0,4.548282,93.47,26536.271,93.47,1,1,1,1,,,0,0,7800,0,81.0,84.0,,0.0,-0.37695482,[],0.0,0.0,[],0.0020091700888847587,0,0.001406419062219331,0,"[{'source': 'model', 'proba': 0.0020091700888847587, 'contrib': 0.0012055020533308551}]",0.14,INFO
TST_000141,USER_027001,2025-10-25 04:29:04.564719,1259.96,Pune,Zomato,Grocery,DEV_5971,192.168.82.230,0,4,5,1,7.1396284,1259.96,26536.271,1259.96,1,1,1,1,,,0,0,5971,0,82.0,230.0,,0.0,-0.33299652,[],0.0,0.0,[],0.0030518217559596084,0,0.002136275229171726,0,"[{'source': 'model', 'proba': 0.0030518217559596084, 'contrib': 0.001831093053575765}]",0.21,INFO
TST_F_000029,USER_027313,2025-09-20 22:09:08.564719,26758.25,Hyderabad,Reliance,Shopping,DEV_9157,10.0.179.49,1,22,5,0,10.194635,26758.25,26536.271,26758.25,1,1,1,1,,,0,0,9157,0,179.0,49.0,,0.0,0.6278879,[],0.0,0.0,[],0.6445417795127003,0,0.45117924565889017,1,"[{'source': 'model', 'proba': 0.6445417795127003, 'contrib': 0.38672506770762016}]",45.12,LOW
TST_000154,USER_028036,2025-09-17 10:34:20.564719,1259.78,Kolkata,Amazon,Shopping,DEV_7017,192.168.60.169,0,10,2,0,7.139486,1259.78,26536.271,1259.78,1,1,1,1,,,0,0,7017,0,60.0,169.0,,0.0,-0.33300328,[],0.0,0.0,[],0.0029503353906345977,0,0.0020652347734442184,0,"[{'source': 'model', 'proba': 0.0029503353906345977, 'contrib': 0.0017702012343807586}]",0.21,INFO
TST_000152,USER_028165,2025-10-09 04:20:59.564719,2996.71,Delhi,Swiggy,Grocery,DEV_382,192.168.120.164,0,4,3,1,8.005604,2996.71,26536.271,2996.71,1,1,1,1,,,0,0,382,0,120.0,164.0,,0.0,-0.26754835,[],0.0,0.0,[],0.018196470829594243,0,0.01273752958071597,0,"[{'source': 'model', 'proba': 0.018196470829594243, 'contrib': 0.010917882497756546}]",1.27,INFO
TST_000010,USER_028185,2025-11-10 10:00:42.564719,1812.46,Ahmedabad,Zomato,Shopping,DEV_2183,192.168.231.54,0,10,0,0,7.5029917,1812.46,26536.271,1812.46,1,1,1,1,,,0,0,2183,0,231.0,54.0,,0.0,-0.31217596,[],0.0,0.0,[],0.003027922136899027,0,0.0021195454958293186,0,"[{'source': 'model', 'proba': 0.003027922136899027, 'contrib': 0.0018167532821394162}]",0.21,INFO
TST_000013,USER_028641,2025-09-30 14:57:27.564719,390.77,Mumbai,PayTM,Shopping,DEV_3088,192.168.181.121,0,14,1,0,5.970675,390.77,26536.271,390.77,1,1,1,1,,,0,0,3088,0,181.0,121.0,,0.0,-0.3657513,[],0.0,0.0,[],0.0020091700888847587,0,0.001406419062219331,0,"[{'source': 'model', 'proba': 0.0020091700888847587, 'contrib': 0.0012055020533308551}]",0.14,INFO
TST_F_000026,USER_029245,2025-11-08 03:07:08.564719,24390.18,Delhi,Swiggy,Food,DEV_12480,10.0.5.108,1,3,5,1,10.101976,24390.18,26536.271,24390.18,1,1,1,1,,,0,0,12480,0,5.0,108.0,,0.0,0.5386489,[],0.0,0.0,[],0.9878482656218037,0,0.6914937859352626,1,"[{'source': 'model', 'proba': 0.9878482656218037, 'contrib': 0.5927089593730822}]",69.15,MEDIUM
TST_000018,USER_029264,2025-09-21 05:24:47.564719,1200.93,Kolkata,Swiggy,Grocery,DEV_378,192.168.73.159,0,5,6,0,7.091684,1200.93,26536.271,1200.93,1,1,1,1,,,0,0,378,0,73.0,159.0,,0.0,-0.33522102,[],0.0,0.0,[],0.0026864679010583825,0,0.0018805275307408676,0,"[{'source': 'model', 'proba': 0.0026864679010583825, 'contrib': 0.0016118807406350294}]",0.19,INFO
TST_000016,USER_029498,2025-11-15 02:53:05.564719,396.82,Delhi,Reliance,Entertainment,DEV_3714,192.168.9.145,0,2,5,1,5.9859996,396.82,26536.271,396.82,1,1,1,1,,,0,0,3714,0,9.0,145.0,,0.0,-0.3655233,[],0.0,0.0,[],0.0032572150315728667,0,0.0022800505221010066,0,"[{'source': 'model', 'proba': 0.0032572150315728667, 'contrib': 0.0019543290189437197}]",0.23,INFO
TST_000051,USER_029590,2025-11-14 05:09:49.564719,305.6,Kolkata,BigBazaar,Shopping,DEV_5511,192.168.169.207,0,5,4,0,5.725544,305.6,26536.271,305.6,1,1,1,1,,,0,0,5511,0,169.0,207.0,,0.0,-0.36896086,[],0.0,0.0,[],0.0020091700888847587,0,0.001406419062219331,0,"[{'source': 'model', 'proba': 0.0020091700888847587, 'contrib': 0.0012055020533308551}]",0.14,INFO
TST_000069,USER_029738,2025-11-06 12:08:59.564719,1211.45,Jaipur,Amazon,Shopping,DEV_2751,192.168.31.78,0,12,3,0,7.1003985,1211.45,26536.271,1211.45,1,1,1,1,,,0,0,2751,0,31.0,78.0,,0.0,-0.33482456,[],0.0,0.0,[],0.0029610839002078213,0,0.0020727587301454745,0,"[{'source': 'model', 'proba': 0.0029610839002078213, 'contrib': 0.0017766503401246926}]",0.21,INFO
TST_000135,USER_030928,2025-10-10 12:49:40.564719,93.02,Bangalore,Zomato,Food,DEV_5797,192.168.197.32,0,12,4,0,4.5435076,93.02,26536.271,93.02,1,1,1,1,,,0,0,5797,0,197.0,32.0,,0.0,-0.37697178,[],0.0,0.0,[],0.001911652469731646,0,0.0013381567288121522,0,"[{'source': 'model', 'proba': 0.001911652469731646, 'contrib': 0.0011469914818389875}]",0.13,INFO
TST_F_000020,USER_031000,2025-09-23 16:01:08.564719,22572.91,Delhi,Unknown_Vendor,High Risk,DEV_14520,10.0.118.147,1,16,1,0,10.02455,22572.91,26536.271,22572.91,1,1,1,1,,,0,0,14520,0,118.0,147.0,,0.0,0.47016644,[],0.0,0.0,[],0.43190934963532646,0,0.3023365447447285,0,"[{'source': 'model', 'proba': 0.43190934963532646, 'contrib': 0.2591456097811959}]",30.23,LOW
TST_000012,USER_032000,2025-11-06 04:06:15.564719,3044.61,Chennai,PayTM,Food,DEV_7353,192.168.253.159,0,4,3,1,8.021457,3044.61,26536.271,3044.61,1,1,1,1,,,0,0,7353,0,253.0,159.0,,0.0,-0.2657433,[],0.0,0.0,[],0.01456001861994272,0,0.010192013033959902,0,"[{'source': 'model', 'proba': 0.01456001861994272, 'contrib': 0.008736011171965631}]",1.02,INFO
TST_000021,USER_032114,2025-09-16 01:58:15.564719,919.49,Delhi,BigBazaar,Grocery,DEV_3122,192.168.61.243,0,1,1,1,6.8249063,919.49,26536.271,919.49,1,1,1,1,,,0,0,3122,0,61.0,243.0,,0.0,-0.34582686,[],0.0,0.0,[],0.0034251911552538494,0,0.0023976338086776944,0,"[{'source': 'model', 'proba': 0.0034251911552538494, 'contrib': 0.0020551146931523097}]",0.24,INFO
TST_000138,USER_032502,2025-10-22 08:29:51.564719,1776.54,Ahmedabad,Flipkart,Grocery,DEV_4142,192.168.238.133,0,8,2,0,7.4829855,1776.54,26536.271,1776.54,1,1,1,1,,,0,0,4142,0,238.0,133.0,,0.0,-0.31352958,[],0.0,0.0,[],0.0023499542289323674,0,0.0016449679602526571,0,"[{'source': 'model', 'proba': 0.0023499542289323674, 'contrib': 0.0014099725373594204}]",0.16,INFO
TST_000145,USER_032726,2025-09-29 08:49:12.564719,4452.92,Kolkata,Flipkart,Food,DEV_2052,192.168.160.215,0,8,0,0,8.40154,4452.92,26536.271,4452.92,1,1,1,1,,,0,0,2052,0,160.0,215.0,,0.0,-0.21267214,[],0.0,0.0,[],0.015978168492461683,0,0.011184717944723178,0,"[{'source': 'model', 'proba': 0.015978168492461683, 'contrib': 0.00958690109547701}]",1.12,INFO
TST_000008,USER_032993,2025-11-06 13:38:34.564719,3036.68,Mumbai,PayTM,Shopping,DEV_1783,192.168.9.98,0,13,3,0,8.018849,3036.68,26536.271,3036.68,1,1,1,1,,,0,0,1783,0,9.0,98.0,,0.0,-0.2660421,[],0.0,0.0,[],0.0028051999477070764,0,0.0019636399633949533,0,"[{'source': 'model', 'proba': 0.0028051999477070764, 'contrib': 0.0016831199686242458}]",0.2,INFO
TST_000136,USER_033613,2025-11-28 06:42:30.564719,1439.21,Bangalore,BigBazaar,Grocery,DEV_5689,192.168.246.190,0,6,4,0,7.2725444,1439.21,26536.271,1439.21,1,1,1,1,,,0,0,5689,0,246.0,190.0,,0.0,-0.3262416,[],0.0,0.0,[],0.0022522733538974096,0,0.0015765913477281865,0,"[{'source': 'model', 'proba': 0.0022522733538974096, 'contrib': 0.0013513640123384457}]",0.16,INFO
TST_000168,USER_034094,2025-11-20 12:09:08.564719,179.08,Lucknow,Swiggy,Grocery,DEV_1370,192.168.151.185,0,12,3,0,5.1934013,179.08,26536.271,179.08,1,1,1,1,,,0,0,1370,0,151.0,185.0,,0.0,-0.3737287,[],0.0,0.0,[],0.001911652469731646,0,0.0013381567288121522,0,"[{'source': 'model', 'proba': 0.001911652469731646, 'contrib': 0.0011469914818389875}]",0.13,INFO
TST_F_000008,USER_034736,2025-11-07 12:44:08.564719,64547.31,Chennai,Gambling_Site,Entertainment,DEV_12113,10.0.6.93,1,12,4,0,11.07517,64547.31,26536.271,64547.31,1,1,1,1,,,0,0,12113,0,6.0,93.0,,0.0,2.051941,[],0.0,0.0,[],0.6445417795127003,0,0.45117924565889017,1,"[{'source': 'model', 'proba': 0.6445417795127003, 'contrib': 0.38672506770762016}]",45.12,LOW
TST_000029,USER_035931,2025-09-24 08:57:57.564719,16549.3,Pune,Amazon,Grocery,DEV_1058,192.168.197.70,0,8,2,0,9.71416,16549.3,26536.271,16549.3,1,1,1,1,,,0,0,1058,0,197.0,70.0,,0.0,0.2431711,[],0.0,0.0,[],0.5339353616600759,0,0.37375475316205314,1,"[{'source': 'model', 'proba': 0.5339353616600759, 'contrib': 0.32036121699604553}]",37.38,LOW
TST_000118,USER_036375,2025-09-04 12:34:45.564719,4929.97,Ahmedabad,Swiggy,Entertainment,DEV_3467,192.168.84.9,0,12,3,0,8.503291,4929.97,26536.271,4929.97,1,1,1,1,,,0,0,3467,0,84.0,9.0,,0.0,-0.19469486,[],0.0,0.0,[],0.011674700141902467,0,0.008172290099331726,0,"[{'source': 'model', 'proba': 0.011674700141902467, 'contrib': 0.00700482008514148}]",0.82,INFO
TST_000110,USER_036851,2025-10-30 05:06:56.564719,8440.32,Pune,Zomato,Entertainment,DEV_523,192.168.186.145,0,5,3,0,9.040894,8440.32,26536.271,8440.32,1,1,1,1,,,0,0,523,0,186.0,145.0,,0.0,-0.062409893,[],0.0,0.0,[],0.0010741624203601339,0,0.0007519136942520936,0,"[{'source': 'model', 'proba': 0.0010741624203601339, 'contrib': 0.0006444974522160803}]",0.08,INFO
TST_000153,USER_037241,2025-10-17 06:11:04.564719,711.3,Pune,Zomato,Entertainment,DEV_2747,192.168.227.76,0,6,4,0,6.568499,711.3,26536.271,711.3,1,1,1,1,,,0,0,2747,0,227.0,76.0,,0.0,-0.35367236,[],0.0,0.0,[],0.0032650574953811797,0,0.0022855402467668257,0,"[{'source': 'model', 'proba': 0.0032650574953811797, 'contrib': 0.0019590344972287075}]",0.23,INFO
TST_000088,USER_037783,2025-10-01 11:41:23.564719,257.18,Lucknow,PhonePe,Entertainment,DEV_2127,192.168.236.60,0,11,2,0,5.553657,257.18,26536.271,257.18,1,1,1,1,,,0,0,2127,0,236.0,60.0,,0.0,-0.37078553,[],0.0,0.0,[],0.001722354327454865,0,0.0012056480292184054,0,"[{'source': 'model', 'proba': 0.001722354327454865, 'contrib': 0.001033412596472919}]",0.12,INFO
TST_000146,USER_037826,2025-10-10 17:33:53.564719,332.05,Jaipur,Swiggy,Food,DEV_1719,192.168.142.90,0,17,4,0,5.808293,332.05,26536.271,332.05,1,1,1,1,,,0,0,1719,0,142.0,90.0,,0.0,-0.36796412,[],0.0,0.0,[],0.001911652469731646,0,0.0013381567288121522,0,"[{'source': 'model', 'proba': 0.001911652469731646, 'contrib': 0.0011469914818389875}]",0.13,INFO
TST_F_000015,USER_038682,2025-10-24 15:18:08.564719,46200.31,Ahmedabad,Reliance,Entertainment,DEV_13628,10.0.51.114,1,15,4,0,10.740764,46200.31,26536.271,46200.31,1,1,1,1,,,0,0,13628,0,51.0,114.0,,0.0,1.3605478,[],0.0,0.0,[],0.6445417795127003,0,0.45117924565889017,1,"[{'source': 'model', 'proba': 0.6445417795127003, 'contrib': 0.38672506770762016}]",45.12,LOW
TST_000071,USER_039182,2025-10-11 09:29:10.564719,213.96,Hyderabad,Amazon,Entertainment,DEV_334,192.168.32.1,0,9,5,0,5.370452,213.96,26536.271,213.96,1,1,1,1,,,0,0,334,0,32.0,1.0,,0.0,-0.37241426,[],0.0,0.0,[],0.003376065121496977,0,0.0023632455850478838,0,"[{'source': 'model', 'proba': 0.003376065121496977, 'contrib': 0.0020256390728981863}]",0.24,INFO
TST_000101,USER_039385,2025-09-14 02:50:44.564719,289.58,Kolkata,BigBazaar,Shopping,DEV_892,192.168.118.131,0,2,6,1,5.671879,289.58,26536.271,289.58,1,1,1,1,,,0,0,892,0,118.0,131.0,,0.0,-0.36956456,[],0.0,0.0,[],0.002694668416060756,0,0.001886267891242529,0,"[{'source': 'model', 'proba': 0.002694668416060756, 'contrib': 0.0016168010496364535}]",0.19,INFO
TST_000091,USER_039516,2025-11-28 07:55:26.564719,1627.8,Ahmedabad,Swiggy,Shopping,DEV_4744,192.168.43.97,0,7,4,0,7.395599,1627.8,26536.271,1627.8,1,1,1,1,,,0,0,4744,0,43.0,97.0,,0.0,-0.31913474,[],0.0,0.0,[],0.0029503353906345977,0,0.0020652347734442184,0,"[{'source': 'model', 'proba': 0.0029503353906345977, 'contrib': 0.0017702012343807586}]",0.21,INFO
TST_000061,USER_040706,2025-10-05 14:07:31.564719,541.81,Kolkata,PayTM,Food,DEV_3196,192.168.134.244,0,14,6,0,6.296759,541.81,26536.271,541.81,1,1,1,1,,,0,0,3196,0,134.0,244.0,,0.0,-0.36005947,[],0.0,0.0,[],0.0032252287558272156,0,0.0022576601290790507,0,"[{'source': 'model', 'proba': 0.0032252287558272156, 'contrib': 0.0019351372534963294}]",0.23,INFO
TST_000003,USER_040707,2025-10-06 13:27:49.564719,2549.47,Bangalore,Amazon,Entertainment,DEV_5769,192.168.233.4,0,13,0,0,7.844033,2549.47,26536.271,2549.47,1,1,1,1,,,0,0,5769,0,233.0,4.0,,0.0,-0.28440228,[],0.0,0.0,[],0.0055493184060707666,0,0.0038845228842495365,0,"[{'source': 'model', 'proba': 0.0055493184060707666, 'contrib': 0.0033295910436424597}]",0.39,INFO
TST_000122,USER_041580,2025-10-10 16:11:43.564719,5138.88,Lucknow,Flipkart,Food,DEV_1118,192.168.57.46,0,16,4,0,8.544785,5138.88,26536.271,5138.88,1,1,1,1,,,0,0,1118,0,57.0,46.0,,0.0,-0.18682225,[],0.0,0.0,[],0.004226554048895828,0,0.0029585878342270793,0,"[{'source': 'model', 'proba': 0.004226554048895828, 'contrib': 0.002535932429337497}]",0.3,INFO
TST_000150,USER_041609,2025-11-13 11:35:40.564719,311.01,Chennai,PayTM,Grocery,DEV_3271,192.168.68.101,0,11,3,0,5.7430353,311.01,26536.271,311.01,1,1,1,1,,,0,0,3271,0,68.0,101.0,,0.0,-0.368757,[],0.0,0.0,[],0.0020091700888847587,0,0.001406419062219331,0,"[{'source': 'model', 'proba': 0.0020091700888847587, 'contrib': 0.0012055020533308551}]",0.14,INFO
TST_000043,USER_041610,2025-09-07 12:34:20.564719,1679.98,Bangalore,Zomato,Food,DEV_2790,192.168.127.47,0,12,6,0,7.427132,1679.98,26536.271,1679.98,1,1,1,1,,,0,0,2790,0,127.0,47.0,,0.0,-0.31716835,[],0.0,0.0,[],0.002979902431501309,0,0.002085931702050916,0,"[{'source': 'model', 'proba': 0.002979902431501309, 'contrib': 0.0017879414589007853}]",0.21,INFO
TST_000063,USER_041860,2025-10-23 15:28:51.564719,962.79,Chennai,BigBazaar,Grocery,DEV_7654,192.168.234.225,0,15,3,0,6.8708735,962.79,26536.271,962.79,1,1,1,1,,,0,0,7654,0,234.0,225.0,,0.0,-0.34419516,[],0.0,0.0,[],0.002226906172868467,0,0.0015588343210079267,0,"[{'source': 'model', 'proba': 0.002226906172868467, 'contrib': 0.00133614370372108}]",0.16,INFO
TST_F_000006,USER_041977,2025-09-20 11:13:08.564719,10000.0,Delhi,Zomato,Food,DEV_11456,10.0.19.181,1,11,5,0,9.210441,10000.0,26536.271,10000.0,1,1,1,1,,,0,1,11456,0,19.0,181.0,,0.0,-0.0036344896,['round_amount'],0.5,0.1,"[{'rule': 'round_amount', 'score': None, 'reason': ''}]",0.02683902470302316,0,0.038787317292116215,0,"[{'source': 'rule', 'rule': 'round_amount', 'contrib': None}, {'source': 'model', 'proba': 0.02683902470302316, 'contrib': 0.016103414821813895}]",3.88,INFO
TST_000073,USER_041999,2025-11-16 15:26:26.564719,3080.54,Bangalore,Zomato,Grocery,DEV_6831,192.168.34.122,0,15,6,0,8.033185,3080.54,26536.271,3080.54,1,1,1,1,,,0,0,6831,0,34.0,122.0,,0.0,-0.26438928,[],0.0,0.0,[],0.0032424027330125193,0,0.0022696819131087635,0,"[{'source': 'model', 'proba': 0.0032424027330125193, 'contrib': 0.0019454416398075115}]",0.23,INFO
TST_000038,USER_042476,2025-11-24 12:24:23.564719,1337.68,Pune,Swiggy,Shopping,DEV_4941,192.168.148.45,0,12,0,0,7.1994395,1337.68,26536.271,1337.68,1,1,1,1,,,0,0,4941,0,148.0,45.0,,0.0,-0.3300677,[],0.0,0.0,[],0.0029441367831128805,0,0.0020608957481790162,0,"[{'source': 'model', 'proba': 0.0029441367831128805, 'contrib': 0.0017664820698677281}]",0.21,INFO
TST_000099,USER_042578,2025-09-18 01:42:18.564719,4131.39,Hyderabad,Swiggy,Shopping,DEV_7238,192.168.99.18,0,1,3,1,8.3266115,4131.39,26536.271,4131.39,1,1,1,1,,,0,0,7238,0,99.0,18.0,,0.0,-0.22478877,[],0.0,0.0,[],0.13298176839442924,0,0.09308723787610046,0,"[{'source': 'model', 'proba': 0.13298176839442924, 'contrib': 0.07978906103665755}]",9.31,INFO
TST_F_000014,USER_042600,2025-09-25 23:38:08.564719,10000.0,Ahmedabad,Zomato,Entertainment,DEV_13633,10.0.47.20,1,23,3,1,9.210441,10000.0,26536.271,10000.0,1,1,1,1,,,0,1,13633,0,47.0,20.0,,0.0,-0.0036344896,['round_amount'],0.5,0.1,"[{'rule': 'round_amount', 'score': None, 'reason': ''}]",0.10577517149904203,0,0.09404262004932942,0,"[{'source': 'rule', 'rule': 'round_amount', 'contrib': None}, {'source': 'model', 'proba': 0.10577517149904203, 'contrib': 0.06346510289942521}]",9.4,INFO
TST_000102,USER_043725,2025-10-20 12:29:45.564719,2261.82,Kolkata,Flipkart,Shopping,DEV_401,192.168.43.111,0,12,0,0,7.724367,2261.82,26536.271,2261.82,1,1,1,1,,,0,0,401,0,43.0,111.0,,0.0,-0.29524216,[],0.0,0.0,[],0.004215427437728271,0,0.0029507992064097895,0,"[{'source': 'model', 'proba': 0.004215427437728271, 'contrib': 0.0025292564626369627}]",0.3,INFO
TST_000156,USER_043871,2025-09-28 01:23:47.564719,209.08,Bangalore,Zomato,Shopping,DEV_4961,192.168.37.31,0,1,6,1,5.3474884,209.08,26536.271,209.08,1,1,1,1,,,0,0,4961,0,37.0,31.0,,0.0,-0.37259817,[],0.0,0.0,[],0.002695744736201615,0,0.0018870213153411306,0,"[{'source': 'model', 'proba': 0.002695744736201615, 'contrib': 0.001617446841720969}]",0.19,INFO
TST_000009,USER_044007,2025-10-31 03:18:17.564719,180.34,Mumbai,Swiggy,Entertainment,DEV_808,192.168.202.13,0,3,4,1,5.2003736,180.34,26536.271,180.34,1,1,1,1,,,0,0,808,0,202.0,13.0,,0.0,-0.37368122,[],0.0,0.0,[],0.002573330372319417,0,0.0018013312606235917,0,"[{'source': 'model', 'proba': 0.002573330372319417, 'contrib': 0.0015439982233916502}]",0.18,INFO
TST_000109,USER_044073,2025-11-26 13:07:25.564719,438.43,Bangalore,Flipkart,Shopping,DEV_2970,192.168.160.24,0,13,2,0,6.0854783,438.43,26536.271,438.43,1,1,1,1,,,0,0,2970,0,160.0,24.0,,0.0,-0.36395526,[],0.0,0.0,[],0.0017353171955138476,0,0.0012147220368596934,0,"[{'source': 'model', 'proba': 0.0017353171955138476, 'contrib': 0.0010411903173083085}]",0.12,INFO
TST_000159,USER_044194,2025-10-17 16:27:10.564719,3535.38,Kolkata,Amazon,Shopping,DEV_7600,192.168.62.246,0,16,4,0,8.170859,3535.38,26536.271,3535.38,1,1,1,1,,,0,0,7600,0,62.0,246.0,,0.0,-0.24724898,[],0.0,0.0,[],0.0048587802504559486,0,0.003401146175319164,0,"[{'source': 'model', 'proba': 0.0048587802504559486, 'contrib': 0.002915268150273569}]",0.34,INFO
TST_F_000016,USER_045329,2025-09-24 04:26:08.564719,45420.55,Hyderabad,Flipkart,Food,DEV_9712,10.0.8.185,1,4,2,1,10.723742,45420.55,26536.271,45420.55,1,1,1,1,,,0,0,9712,0,8.0,185.0,,0.0,1.331163,[],0.0,0.0,[],0.9878482656218037,0,0.6914937859352626,1,"[{'source': 'model', 'proba': 0.9878482656218037, 'contrib': 0.5927089593730822}]",69.15,MEDIUM
TST_000105,USER_045420,2025-10-27 18:02:34.564719,1095.51,Kolkata,BigBazaar,Shopping,DEV_7788,192.168.200.185,0,18,0,0,6.9998875,1095.51,26536.271,1095.51,1,1,1,1,,,0,0,7788,0,200.0,185.0,,0.0,-0.3391937,[],0.0,0.0,[],0.0025667447463817925,0,0.0017967213224672545,0,"[{'source': 'model', 'proba': 0.0025667447463817925, 'contrib': 0.0015400468478290754}]",0.18,INFO
TST_000093,USER_045866,2025-11-04 16:37:03.564719,222.2,Pune,Flipkart,Grocery,DEV_1316,192.168.9.53,0,16,1,0,5.408068,222.2,26536.271,222.2,1,1,1,1,,,0,0,1316,0,9.0,53.0,,0.0,-0.37210375,[],0.0,0.0,[],0.0019039375527887656,0,0.001332756286952136,0,"[{'source': 'model', 'proba': 0.0019039375527887656, 'contrib': 0.0011423625316732593}]",0.13,INFO
TST_000001,USER_046182,2025-10-23 15:52:00.564719,892.22,Lucknow,PayTM,Entertainment,DEV_2310,192.168.121.15,0,15,3,0,6.7948327,892.22,26536.271,892.22,1,1,1,1,,,0,0,2310,0,121.0,15.0,,0.0,-0.34685454,[],0.0,0.0,[],0.0026383231851640583,0,0.0018468262296148406,0,"[{'source': 'model', 'proba': 0.0026383231851640583, 'contrib': 0.001582993911098435}]",0.18,INFO
TST_000050,USER_046253,2025-11-09 10:23:41.564719,410.78,Lucknow,BigBazaar,Entertainment,DEV_7654,192.168.244.190,0,10,6,0,6.020489,410.78,26536.271,410.78,1,1,1,1,,,0,0,7654,0,244.0,190.0,,0.0,-0.36499724,[],0.0,0.0,[],0.001722354327454865,0,0.0012056480292184054,0,"[{'source': 'model', 'proba': 0.001722354327454865, 'contrib': 0.001033412596472919}]",0.12,INFO
TST_000004,USER_046321,2025-09-22 16:40:24.564719,567.51,Kolkata,Reliance,Grocery,DEV_5211,192.168.11.161,0,16,0,0,6.343019,567.51,26536.271,567.51,1,1,1,1,,,0,0,5211,0,11.0,161.0,,0.0,-0.35909098,[],0.0,0.0,[],0.003309477172966556,0,0.002316634021076589,0,"[{'source': 'model', 'proba': 0.003309477172966556, 'contrib': 0.0019856863037799335}]",0.23,INFO
TST_000132,USER_046387,2025-10-29 11:57:02.564719,5316.0,Lucknow,BigBazaar,Grocery,DEV_3301,192.168.104.25,0,11,2,0,8.578665,5316.0,26536.271,5316.0,1,1,1,1,,,0,0,3301,0,104.0,25.0,,0.0,-0.1801476,[],0.0,0.0,[],0.0023117670747787172,0,0.001618236952345102,0,"[{'source': 'model', 'proba': 0.0023117670747787172, 'contrib': 0.0013870602448672303}]",0.16,INFO
TST_000007,USER_046618,2025-11-08 10:48:59.564719,182.0,Chennai,PayTM,Shopping,DEV_1277,192.168.76.115,0,10,5,0,5.209486,182.0,26536.271,182.0,1,1,1,1,,,0,0,1277,0,76.0,115.0,,0.0,-0.37361863,[],0.0,0.0,[],0.0020091700888847587,0,0.001406419062219331,0,"[{'source': 'model', 'proba': 0.0020091700888847587, 'contrib': 0.0012055020533308551}]",0.14,INFO
TST_000126,USER_046825,2025-11-01 07:08:56.564719,500.5,Bangalore,Zomato,Food,DEV_1291,192.168.50.3,0,7,5,0,6.2176037,500.5,26536.271,500.5,1,1,1,1,,,0,0,1291,0,50.0,3.0,,0.0,-0.3616162,[],0.0,0.0,[],0.002962351810564494,0,0.0020736462673951457,0,"[{'source': 'model', 'proba': 0.002962351810564494, 'contrib': 0.0017774110863386962}]",0.21,INFO
TST_000045,USER_047601,2025-11-14 14:41:34.564719,1323.59,Mumbai,BigBazaar,Shopping,DEV_2368,192.168.254.178,0,14,4,0,7.188858,1323.59,26536.271,1323.59,1,1,1,1,,,0,0,2368,0,254.0,178.0,,0.0,-0.33059865,[],0.0,0.0,[],0.0022522733538974096,0,0.0015765913477281865,0,"[{'source': 'model', 'proba': 0.0022522733538974096, 'contrib': 0.0013513640123384457}]",0.16,INFO
TST_000112,USER_047859,2025-11-07 16:08:56.564719,647.0,Mumbai,BigBazaar,Grocery,DEV_4225,192.168.236.87,0,16,4,0,6.473891,647.0,26536.271,647.0,1,1,1,1,,,0,0,4225,0,236.0,87.0,,0.0,-0.35609546,[],0.0,0.0,[],0.0028091774276539304,0,0.0019664241993577513,0,"[{'source': 'model', 'proba': 0.0028091774276539304, 'contrib': 0.0016855064565923581}]",0.2,INFO
TST_000157,USER_048051,2025-10-24 11:48:10.564719,91.56,Delhi,Amazon,Entertainment,DEV_3619,192.168.40.185,0,11,4,0,4.5278573,91.56,26536.271,91.56,1,1,1,1,,,0,0,3619,0,40.0,185.0,,0.0,-0.37702683,[],0.0,0.0,[],0.002015337121965589,0,0.0014107359853759121,0,"[{'source': 'model', 'proba': 0.002015337121965589, 'contrib': 0.0012092022731793534}]",0.14,INFO
TST_000055,USER_049192,2025-11-26 11:28:44.564719,810.22,Jaipur,Flipkart,Entertainment,DEV_2313,192.168.158.205,0,11,2,0,6.6985393,810.22,26536.271,810.22,1,1,1,1,,,0,0,2313,0,158.0,205.0,,0.0,-0.34994462,[],0.0,0.0,[],0.003007725736468672,0,0.00210540801552807,0,"[{'source': 'model', 'proba': 0.003007725736468672, 'contrib': 0.001804635441881203}]",0.21,INFO
TST_000011,USER_050079,2025-11-26 16:24:29.564719,610.27,Pune,BigBazaar,Food,DEV_6699,192.168.192.0,0,16,2,0,6.415539,610.27,26536.271,610.27,1,1,1,1,,,0,0,6699,0,192.0,0.0,,0.0,-0.3574796,[],0.0,0.0,[],0.006846840029192905,0,0.004792788020435033,0,"[{'source': 'model', 'proba': 0.006846840029192905, 'contrib': 0.004108104017515743}]",0.48,INFO
TST_000005,USER_050315,2025-10-13 14:46:22.564719,756.7,Kolkata,Zomato,Shopping,DEV_161,192.168.252.250,0,14,0,0,6.6302876,756.7,26536.271,756.7,1,1,1,1,,,0,0,161,0,252.0,250.0,,0.0,-0.3519615,[],0.0,0.0,[],0.0016532731666957284,0,0.0011572912166870099,0,"[{'source': 'model', 'proba': 0.0016532731666957284, 'contrib': 0.000991963900017437}]",0.12,INFO
TST_000033,USER_050631,2025-10-20 09:52:48.564719,14014.96,Delhi,Reliance,Shopping,DEV_569,192.168.121.9,0,9,0,0,9.547952,14014.96,26536.271,14014.96,1,1,1,1,,,0,0,569,0,121.0,9.0,,0.0,0.14766635,[],0.0,0.0,[],0.207829216686703,0,0.1454804516806921,0,"[{'source': 'model', 'proba': 0.207829216686703, 'contrib': 0.1246975300120218}]",14.55,INFO
TST_000048,USER_050923,2025-11-02 01:54:47.564719,1222.88,Jaipur,Swiggy,Entertainment,DEV_1188,192.168.100.211,0,1,6,1,7.1097813,1222.88,26536.271,1222.88,1,1,1,1,,,0,0,1188,0,100.0,211.0,,0.0,-0.33439386,[],0.0,0.0,[],0.00419082388152541,0,0.0029335767170677865,0,"[{'source': 'model', 'proba': 0.00419082388152541, 'contrib': 0.0025144943289152457}]",0.29,INFO
TST_000082,USER_050952,2025-09-23 07:32:02.564719,343.74,Lucknow,Reliance,Food,DEV_2950,192.168.142.74,0,7,1,0,5.8427906,343.74,26536.271,343.74,1,1,1,1,,,0,0,2950,0,142.0,74.0,,0.0,-0.36752358,[],0.0,0.0,[],0.0020091700888847587,0,0.001406419062219331,0,"[{'source': 'model', 'proba': 0.0020091700888847587, 'contrib': 0.0012055020533308551}]",0.14,INFO
TST_F_000002,USER_051003,2025-10-09 15:44:08.564719,45525.77,Pune,Gambling_Site,Entertainment,DEV_9771,10.0.174.164,1,15,3,0,10.726056,45525.77,26536.271,45525.77,1,1,1,1,,,0,0,9771,0,174.0,164.0,,0.0,1.3351282,[],0.0,0.0,[],0.6445417795127003,0,0.45117924565889017,1,"[{'source': 'model', 'proba': 0.6445417795127003, 'contrib': 0.38672506770762016}]",45.12,LOW
TST_000166,USER_051272,2025-10-02 01:36:33.564719,10312.71,Pune,PhonePe,Shopping,DEV_7682,192.168.167.70,0,1,3,1,9.241229,10312.71,26536.271,10312.71,1,1,1,1,,,0,0,7682,0,167.0,70.0,,0.0,0.008149758,[],0.0,0.0,[],0.037551145851359415,0,0.026285802095951587,0,"[{'source': 'model', 'proba': 0.037551145851359415, 'contrib': 0.022530687510815647}]",2.63,INFO
TST_F_000024,USER_051938,2025-10-28 09:49:08.564719,135256.15,Mumbai,Unknown_Vendor,Food,DEV_14944,10.0.72.152,1,9,1,0,11.814933,135256.15,26536.271,135256.15,1,1,1,1,,,0,0,14944,0,72.0,152.0,,0.0,4.716552,['global_amount_outlier'],0.4716551780700684,0.09433103561401368,"[{'rule': 'global_amount_outlier', 'score': None, 'reason': ''}]",0.6445417795127003,0,0.4700454527816929,1,"[{'source': 'rule', 'rule': 'global_amount_outlier', 'contrib': None}, {'source': 'model', 'proba': 0.6445417795127003, 'contrib': 0.38672506770762016}]",47.0,LOW
TST_000165,USER_052177,2025-10-03 17:41:14.564719,2425.82,Delhi,Reliance,Shopping,DEV_1405,192.168.27.34,0,17,4,0,7.7943373,2425.82,26536.271,2425.82,1,1,1,1,,,0,0,1405,0,27.0,34.0,,0.0,-0.28906193,[],0.0,0.0,[],0.003999999289049416,0,0.002799999502334591,0,"[{'source': 'model', 'proba': 0.003999999289049416, 'contrib': 0.0023999995734296496}]",0.28,INFO
TST_000076,USER_053144,2025-10-31 17:56:37.564719,470.25,Chennai,PayTM,Shopping,DEV_3136,192.168.37.188,0,17,4,0,6.155389,470.25,26536.271,470.25,1,1,1,1,,,0,0,3136,0,37.0,188.0,,0.0,-0.36275616,[],0.0,0.0,[],0.0019039375527887656,0,0.001332756286952136,0,"[{'source': 'model', 'proba': 0.0019039375527887656, 'contrib': 0.0011423625316732593}]",0.13,INFO
TST_000081,USER_053551,2025-11-11 10:03:43.564719,417.14,Chennai,Zomato,Shopping,DEV_4535,192.168.104.73,0,10,1,0,6.035816,417.14,26536.271,417.14,1,1,1,1,,,0,0,4535,0,104.0,73.0,,0.0,-0.36475757,[],0.0,0.0,[],0.0018349386505309192,0,0.0012844570553716434,0,"[{'source': 'model', 'proba': 0.0018349386505309192, 'contrib': 0.0011009631903185514}]",0.13,INFO
TST_000164,USER_053698,2025-10-30 15:17:08.564719,921.17,Chennai,Zomato,Entertainment,DEV_6233,192.168.50.174,0,15,3,0,6.82673,921.17,26536.271,921.17,1,1,1,1,,,0,0,6233,0,50.0,174.0,,0.0,-0.34576356,[],0.0,0.0,[],0.003059252953823211,0,0.0021414770676762476,0,"[{'source': 'model', 'proba': 0.003059252953823211, 'contrib': 0.0018355517722939267}]",0.21,INFO
TST_F_000019,USER_053760,2025-10-14 07:29:08.564719,62726.05,Ahmedabad,Amazon,Entertainment,DEV_13136,10.0.23.36,1,7,1,0,11.046548,62726.05,26536.271,62726.05,1,1,1,1,,,0,0,13136,0,23.0,36.0,,0.0,1.9833082,[],0.0,0.0,[],0.6445417795127003,0,0.45117924565889017,1,"[{'source': 'model', 'proba': 0.6445417795127003, 'contrib': 0.38672506770762016}]",45.12,LOW
TST_000080,USER_054776,2025-10-16 01:50:51.564719,632.42,Hyderabad,Amazon,Entertainment,DEV_3264,192.168.9.109,0,1,3,1,6.4511337,632.42,26536.271,632.42,1,1,1,1,,,0,0,3264,0,9.0,109.0,,0.0,-0.3566449,[],0.0,0.0,[],0.006666546155055511,0,0.0046665823085388575,0,"[{'source': 'model', 'proba': 0.006666546155055511, 'contrib': 0.003999927693033306}]",0.47,INFO
TST_000100,USER_054866,2025-09-21 01:55:48.564719,10264.69,Pune,Zomato,Food,DEV_2861,192.168.78.130,0,1,6,1,9.236563,10264.69,26536.271,10264.69,1,1,1,1,,,0,0,2861,0,78.0,130.0,,0.0,0.0063401596,[],0.0,0.0,[],0.04756207286345013,0,0.03329345100441509,0,"[{'source': 'model', 'proba': 0.04756207286345013, 'contrib': 0.028537243718070076}]",3.33,INFO
TST_000070,USER_055244,2025-10-05 13:58:54.564719,1991.75,Kolkata,Swiggy,Entertainment,DEV_7817,192.168.62.209,0,13,6,0,7.597271,1991.75,26536.271,1991.75,1,1,1,1,,,0,0,7817,0,62.0,209.0,,0.0,-0.30541953,[],0.0,0.0,[],0.004352366891254741,0,0.0030466568238783184,0,"[{'source': 'model', 'proba': 0.004352366891254741, 'contrib': 0.0026114201347528444}]",0.3,INFO
TST_000006,USER_056442,2025-10-08 13:30:31.564719,440.0,Chennai,PhonePe,Food,DEV_3071,192.168.78.4,0,13,2,0,6.089045,440.0,26536.271,440.0,1,1,1,1,,,0,0,3071,0,78.0,4.0,,0.0,-0.3638961,[],0.0,0.0,[],0.002382849939004894,0,0.0016679949573034257,0,"[{'source': 'model', 'proba': 0.002382849939004894, 'contrib': 0.0014297099634029363}]",0.17,INFO
TST_000115,USER_056525,2025-10-04 07:43:55.564719,6900.66,Hyderabad,Swiggy,Entertainment,DEV_2952,192.168.21.215,0,7,5,0,8.839518,6900.66,26536.271,6900.66,1,1,1,1,,,0,0,2952,0,21.0,215.0,,0.0,-0.12043085,[],0.0,0.0,[],0.0009687667795539981,0,0.0006781367456877986,0,"[{'source': 'model', 'proba': 0.0009687667795539981, 'contrib': 0.0005812600677323988}]",0.07,INFO
TST_000020,USER_056725,2025-10-21 07:47:17.564719,1300.25,Hyderabad,Swiggy,Food,DEV_4642,192.168.222.172,0,7,1,0,7.1710806,1300.25,26536.271,1300.25,1,1,1,1,,,0,0,4642,0,222.0,172.0,,0.0,-0.3314782,[],0.0,0.0,[],0.0029915818714980726,0,0.002094107310048651,0,"[{'source': 'model', 'proba': 0.0029915818714980726, 'contrib': 0.0017949491228988436}]",0.21,INFO
TST_000074,USER_057791,2025-10-07 10:24:17.564719,454.38,Hyderabad,Amazon,Food,DEV_3581,192.168.169.196,0,10,1,0,6.1211324,454.38,26536.271,454.38,1,1,1,1,,,0,0,3581,0,169.0,196.0,,0.0,-0.3633542,[],0.0,0.0,[],0.001911652469731646,0,0.0013381567288121522,0,"[{'source': 'model', 'proba': 0.001911652469731646, 'contrib': 0.0011469914818389875}]",0.13,INFO
TST_F_000018,USER_057857,2025-11-17 22:09:08.564719,23280.88,Ahmedabad,BigBazaar,Shopping,DEV_11923,10.0.171.194,1,22,0,0,10.05543,23280.88,26536.271,23280.88,1,1,1,1,,,0,0,11923,0,171.0,194.0,,0.0,0.49684578,[],0.0,0.0,[],0.43190934963532646,0,0.3023365447447285,0,"[{'source': 'model', 'proba': 0.43190934963532646, 'contrib': 0.2591456097811959}]",30.23,LOW
TST_000123,USER_058602,2025-11-01 08:59:50.564719,454.48,Hyderabad,Reliance,Food,DEV_4216,192.168.220.153,0,8,5,0,6.1213517,454.48,26536.271,454.48,1,1,1,1,,,0,0,4216,0,220.0,153.0,,0.0,-0.36335045,[],0.0,0.0,[],0.0018333821212870736,0,0.0012833674849009515,0,"[{'source': 'model', 'proba': 0.0018333821212870736, 'contrib': 0.0011000292727722442}]",0.13,INFO
TST_000084,USER_058751,2025-10-06 03:30:25.564719,4806.79,Hyderabad,PayTM,Grocery,DEV_3557,192.168.154.114,0,3,0,1,8.477993,4806.79,26536.271,4806.79,1,1,1,1,,,0,0,3557,0,154.0,114.0,,0.0,-0.19933681,[],0.0,0.0,[],0.14027716057904743,0,0.0981940124053332,0,"[{'source': 'model', 'proba': 0.14027716057904743, 'contrib': 0.08416629634742846}]",9.82,INFO
TST_000032,USER_058814,2025-11-15 03:45:18.564719,819.94,Hyderabad,BigBazaar,Entertainment,DEV_1442,192.168.63.136,0,3,5,1,6.71045,819.94,26536.271,819.94,1,1,1,1,,,0,0,1442,0,63.0,136.0,,0.0,-0.34957835,[],0.0,0.0,[],0.0032682780547378856,0,0.0022877946383165195,0,"[{'source': 'model', 'proba': 0.0032682780547378856, 'contrib': 0.001960966832842731}]",0.23,INFO
TST_000114,USER_058957,2025-11-01 06:42:32.564719,841.75,Hyderabad,Zomato,Entertainment,DEV_4125,192.168.5.243,0,6,5,0,6.7366705,841.75,26536.271,841.75,1,1,1,1,,,0,0,4125,0,5.0,243.0,,0.0,-0.34875646,[],0.0,0.0,[],0.002784570817592894,0,0.0019491995723150256,0,"[{'source': 'model', 'proba': 0.002784570817592894, 'contrib': 0.0016707424905557365}]",0.19,INFO
TST_000113,USER_059215,2025-09-03 06:13:20.564719,2480.6,Pune,Swiggy,Entertainment,DEV_1561,192.168.129.66,0,6,2,0,7.816659,2480.6,26536.271,2480.6,1,1,1,1,,,0,0,1561,0,129.0,66.0,,0.0,-0.2869976,[],0.0,0.0,[],0.004554173057484286,0,0.0031879211402390003,0,"[{'source': 'model', 'proba': 0.004554173057484286, 'contrib': 0.0027325038344905715}]",0.32,INFO
TST_000053,USER_059309,2025-10-29 10:14:52.564719,1764.36,Bangalore,Zomato,Food,DEV_1415,192.168.192.59,0,10,2,0,7.47611,1764.36,26536.271,1764.36,1,1,1,1,,,0,0,1415,0,192.0,59.0,,0.0,-0.31398857,[],0.0,0.0,[],0.002979902431501309,0,0.002085931702050916,0,"[{'source': 'model', 'proba': 0.002979902431501309, 'contrib': 0.0017879414589007853}]",0.21,INFO
TST_000019,USER_059715,2025-10-30 15:45:18.564719,2890.75,Mumbai,Zomato,Grocery,DEV_4085,192.168.207.128,0,15,3,0,7.9696174,2890.75,26536.271,2890.75,1,1,1,1,,,0,0,4085,0,207.0,128.0,,0.0,-0.2715414,[],0.0,0.0,[],0.004125037334411984,0,0.0028875261340883885,0,"[{'source': 'model', 'proba': 0.004125037334411984, 'contrib': 0.0024750224006471902}]",0.29,INFO
TST_000167,USER_060000,2025-10-08 02:12:02.564719,147.79,Chennai,Zomato,Shopping,DEV_6729,192.168.61.239,0,2,2,1,5.002536,147.79,26536.271,147.79,1,1,1,1,,,0,0,6729,0,61.0,239.0,,0.0,-0.37490782,[],0.0,0.0,[],0.002280480768267405,0,0.0015963365377871836,0,"[{'source': 'model', 'proba': 0.002280480768267405, 'contrib': 0.001368288460960443}]",0.16,INFO
TST_000089,USER_060345,2025-09-21 05:55:13.564719,361.71,Delhi,PayTM,Entertainment,DEV_5551,192.168.37.245,0,5,6,0,5.893604,361.71,26536.271,361.71,1,1,1,1,,,0,0,5551,0,37.0,245.0,,0.0,-0.3668464,[],0.0,0.0,[],0.0019039375527887656,0,0.001332756286952136,0,"[{'source': 'model', 'proba': 0.0019039375527887656, 'contrib': 0.0011423625316732593}]",0.13,INFO
TST_000059,USER_060454,2025-09-18 17:33:32.564719,1631.57,Jaipur,Amazon,Shopping,DEV_5728,192.168.65.41,0,17,3,0,7.3979106,1631.57,26536.271,1631.57,1,1,1,1,,,0,0,5728,0,65.0,41.0,,0.0,-0.31899267,[],0.0,0.0,[],0.0028866262242994525,0,0.0020206383570096167,0,"[{'source': 'model', 'proba': 0.0028866262242994525, 'contrib': 0.0017319757345796714}]",0.2,INFO
TST_F_000013,USER_060455,2025-09-27 18:43:08.564719,66826.87,Hyderabad,Flipkart,Food,DEV_8127,10.0.172.195,1,18,5,0,11.109876,66826.87,26536.271,66826.87,1,1,1,1,,,0,0,8127,0,172.0,195.0,,0.0,2.1378446,[],0.0,0.0,[],0.6445417795127003,0,0.45117924565889017,1,"[{'source': 'model', 'proba': 0.6445417795127003, 'contrib': 0.38672506770762016}]",45.12,LOW
TST_000094,USER_060519,2025-09-17 02:52:05.564719,615.47,Bangalore,Amazon,Shopping,DEV_899,192.168.213.56,0,2,2,1,6.42401,615.47,26536.271,615.47,1,1,1,1,,,0,0,899,0,213.0,56.0,,0.0,-0.35728365,[],0.0,0.0,[],0.004836039602257637,0,0.003385227721580346,0,"[{'source': 'model', 'proba': 0.004836039602257637, 'contrib': 0.002901623761354582}]",0.34,INFO
TST_000002,USER_061306,2025-10-14 04:20:06.564719,473.15,Chennai,Zomato,Food,DEV_1205,192.168.86.50,0,4,1,1,6.161524,473.15,26536.271,473.15,1,1,1,1,,,0,0,1205,0,86.0,50.0,,0.0,-0.36264688,[],0.0,0.0,[],0.0024611384536757006,0,0.0017227969175729902,0,"[{'source': 'model', 'proba': 0.0024611384536757006, 'contrib': 0.0014766830722054204}]",0.17,INFO
TST_000163,USER_061576,2025-11-18 07:00:03.564719,924.86,Chennai,Zomato,Food,DEV_2296,192.168.181.235,0,7,1,0,6.830723,924.86,26536.271,924.86,1,1,1,1,,,0,0,2296,0,181.0,235.0,,0.0,-0.3456245,[],0.0,0.0,[],0.003101811909054905,0,0.0021712683363384333,0,"[{'source': 'model', 'proba': 0.003101811909054905, 'contrib': 0.001861087145432943}]",0.22,INFO
TST_000130,USER_061736,2025-11-11 03:46:06.564719,1291.28,Kolkata,PayTM,Entertainment,DEV_5863,192.168.77.224,0,3,1,1,7.1641636,1291.28,26536.271,1291.28,1,1,1,1,,,0,0,5863,0,77.0,224.0,,0.0,-0.33181623,[],0.0,0.0,[],0.0029057169835426336,0,0.0020340018884798436,0,"[{'source': 'model', 'proba': 0.0029057169835426336, 'contrib': 0.0017434301901255802}]",0.2,INFO
TST_000044,USER_061945,2025-09-29 12:02:50.564719,544.88,Mumbai,PhonePe,Entertainment,DEV_1558,192.168.120.87,0,12,0,0,6.302399,544.88,26536.271,544.88,1,1,1,1,,,0,0,1558,0,120.0,87.0,,0.0,-0.35994378,[],0.0,0.0,[],0.003285003044427938,0,0.0022995021310995567,0,"[{'source': 'model', 'proba': 0.003285003044427938, 'contrib': 0.001971001826656763}]",0.23,INFO
TST_000062,USER_062737,2025-11-19 16:29:29.564719,2403.07,Delhi,Swiggy,Shopping,DEV_1016,192.168.107.85,0,16,2,0,7.7849183,2403.07,26536.271,2403.07,1,1,1,1,,,0,0,1016,0,107.0,85.0,,0.0,-0.28991926,[],0.0,0.0,[],0.0042800573668174595,0,0.0029960401567722217,0,"[{'source': 'model', 'proba': 0.0042800573668174595, 'contrib': 0.0025680344200904757}]",0.3,INFO
TST_000169,USER_062784,2025-09-29 14:18:45.564719,1138.18,Delhi,PhonePe,Grocery,DEV_2071,192.168.161.223,0,14,0,0,7.038064,1138.18,26536.271,1138.18,1,1,1,1,,,0,0,2071,0,161.0,223.0,,0.0,-0.3375857,[],0.0,0.0,[],0.002566019262691092,0,0.0017962134838837643,0,"[{'source': 'model', 'proba': 0.002566019262691092, 'contrib': 0.0015396115576146552}]",0.18,INFO
TST_000067,USER_063008,2025-11-19 16:00:35.564719,886.31,Ahmedabad,Amazon,Food,DEV_1948,192.168.108.10,0,16,2,0,6.788194,886.31,26536.271,886.31,1,1,1,1,,,0,0,1948,0,108.0,10.0,,0.0,-0.34707725,[],0.0,0.0,[],0.0028944605155933113,0,0.0020261223609153176,0,"[{'source': 'model', 'proba': 0.0028944605155933113, 'contrib': 0.0017366763093559867}]",0.2,INFO
TST_000025,USER_063760,2025-10-23 02:36:08.564719,417.58,Bangalore,PayTM,Entertainment,DEV_2839,192.168.238.96,0,2,3,1,6.036868,417.58,26536.271,417.58,1,1,1,1,,,0,0,2839,0,238.0,96.0,,0.0,-0.364741,[],0.0,0.0,[],0.0022145766177808853,0,0.0015502036324466196,0,"[{'source': 'model', 'proba': 0.0022145766177808853, 'contrib': 0.0013287459706685311}]",0.16,INFO
TST_F_000028,USER_063837,2025-10-22 19:40:08.564719,185678.41,Kolkata,Amazon,Grocery,DEV_10882,10.0.33.85,1,19,2,0,12.131777,185678.41,26536.271,185678.41,1,1,1,1,,,0,0,10882,0,33.0,85.0,,0.0,6.616678,['global_amount_outlier'],0.6616678237915039,0.13233356475830077,"[{'rule': 'global_amount_outlier', 'score': None, 'reason': ''}]",0.6445417795127003,0,0.4776459586105503,1,"[{'source': 'rule', 'rule': 'global_amount_outlier', 'contrib': None}, {'source': 'model', 'proba': 0.6445417795127003, 'contrib': 0.38672506770762016}]",47.76,LOW
TST_000083,USER_063894,2025-09-29 05:04:42.564719,339.85,Jaipur,Reliance,Food,DEV_2570,192.168.68.92,0,5,0,0,5.8314424,339.85,26536.271,339.85,1,1,1,1,,,0,0,2570,0,68.0,92.0,,0.0,-0.36767018,[],0.0,0.0,[],0.0020091700888847587,0,0.001406419062219331,0,"[{'source': 'model', 'proba': 0.0020091700888847587, 'contrib': 0.0012055020533308551}]",0.14,INFO
TST_F_000025,USER_064050,2025-11-02 08:42:08.564719,64251.25,Hyderabad,Crypto_Exchange,High Risk,DEV_13008,10.0.174.43,1,8,6,0,11.070572,64251.25,26536.271,64251.25,1,1,1,1,,,0,0,13008,0,174.0,43.0,,0.0,2.0407841,[],0.0,0.0,[],0.6445417795127003,0,0.45117924565889017,1,"[{'source': 'model', 'proba': 0.6445417795127003, 'contrib': 0.38672506770762016}]",45.12,LOW
TST_F_000012,USER_064156,2025-10-11 03:25:08.564719,63505.64,Hyderabad,Crypto_Exchange,High Risk,DEV_14326,10.0.116.39,1,3,5,1,11.0589,63505.64,26536.271,63505.64,1,1,1,1,,,0,0,14326,0,116.0,39.0,,0.0,2.0126865,[],0.0,0.0,[],0.9878482656218037,0,0.6914937859352626,1,"[{'source': 'model', 'proba': 0.9878482656218037, 'contrib': 0.5927089593730822}]",69.15,MEDIUM
TST_000022,USER_064292,2025-10-08 02:24:13.564719,3623.54,Delhi,PayTM,Food,DEV_5165,192.168.242.78,0,2,2,1,8.195482,3623.54,26536.271,3623.54,1,1,1,1,,,0,0,5165,0,242.0,78.0,,0.0,-0.24392672,[],0.0,0.0,[],0.014332100824600857,0,0.0100324705772206,0,"[{'source': 'model', 'proba': 0.014332100824600857, 'contrib': 0.008599260494760513}]",1.0,INFO
TST_000072,USER_064874,2025-11-02 04:06:05.564719,182.64,Bangalore,PhonePe,Food,DEV_339,192.168.156.65,0,4,6,1,5.2129774,182.64,26536.271,182.64,1,1,1,1,,,0,0,339,0,156.0,65.0,,0.0,-0.37359452,[],0.0,0.0,[],0.002694668416060756,0,0.001886267891242529,0,"[{'source': 'model', 'proba': 0.002694668416060756, 'contrib': 0.0016168010496364535}]",0.19,INFO
TST_F_000022,USER_065682,2025-09-14 10:27:08.564719,19855.98,Bangalore,Zomato,Grocery,DEV_12755,10.0.206.197,1,10,6,0,9.896311,19855.98,26536.271,19855.98,1,1,1,1,,,0,0,12755,0,206.0,197.0,,0.0,0.36778092,[],0.0,0.0,[],0.6988021495105502,0,0.4891615046573851,1,"[{'source': 'model', 'proba': 0.6988021495105502, 'contrib': 0.4192812897063301}]",48.92,LOW
TST_000092,USER_066110,2025-10-08 12:51:31.564719,1787.37,Delhi,Reliance,Grocery,DEV_4997,192.168.30.83,0,12,2,0,7.48906,1787.37,26536.271,1787.37,1,1,1,1,,,0,0,4997,0,30.0,83.0,,0.0,-0.31312144,[],0.0,0.0,[],0.0024762410824241627,0,0.0017333687576969138,0,"[{'source': 'model', 'proba': 0.0024762410824241627, 'contrib': 0.0014857446494544976}]",0.17,INFO
TST_000148,USER_067087,2025-09-30 11:44:53.564719,889.47,Bangalore,BigBazaar,Entertainment,DEV_834,192.168.6.67,0,11,1,0,6.7917495,889.47,26536.271,889.47,1,1,1,1,,,0,0,834,0,6.0,67.0,,0.0,-0.34695816,[],0.0,0.0,[],0.002590700474313568,0,0.0018134903320194975,0,"[{'source': 'model', 'proba': 0.002590700474313568, 'contrib': 0.0015544202845881407}]",0.18,INFO
TST_000096,USER_067145,2025-10-25 04:36:48.564719,2390.11,Ahmedabad,Reliance,Entertainment,DEV_3667,192.168.49.199,0,4,5,1,7.779513,2390.11,26536.271,2390.11,1,1,1,1,,,0,0,3667,0,49.0,199.0,,0.0,-0.29040763,[],0.0,0.0,[],0.007251297852899993,0,0.005075908497029995,0,"[{'source': 'model', 'proba': 0.007251297852899993, 'contrib': 0.0043507787117399955}]",0.51,INFO
TST_000041,USER_067167,2025-10-01 07:11:31.564719,2428.32,Mumbai,Zomato,Food,DEV_7753,192.168.148.74,0,7,2,0,7.795367,2428.32,26536.271,2428.32,1,1,1,1,,,0,0,7753,0,148.0,74.0,,0.0,-0.28896773,[],0.0,0.0,[],0.004274726108328678,0,0.0029923082758300744,0,"[{'source': 'model', 'proba': 0.004274726108328678, 'contrib': 0.0025648356649972067}]",0.3,INFO
TST_000149,USER_067272,2025-11-09 04:53:46.564719,8105.0,Hyderabad,Zomato,Grocery,DEV_955,192.168.9.96,0,4,6,1,9.00036,8105.0,26536.271,8105.0,1,1,1,1,,,0,0,955,0,9.0,96.0,,0.0,-0.07504618,[],0.0,0.0,[],0.004854884215785515,0,0.0033984189510498602,0,"[{'source': 'model', 'proba': 0.004854884215785515, 'contrib': 0.0029129305294713086}]",0.34,INFO
TST_000103,USER_067370,2025-09-20 09:02:02.564719,1842.46,Jaipur,Zomato,Entertainment,DEV_6414,192.168.0.65,0,9,5,0,7.5193996,1842.46,26536.271,1842.46,1,1,1,1,,,0,0,6414,0,0.0,65.0,,0.0,-0.31104544,[],0.0,0.0,[],0.0038154234828816588,0,0.002670796438017161,0,"[{'source': 'model', 'proba': 0.0038154234828816588, 'contrib': 0.002289254089728995}]",0.27,INFO
TST_000028,USER_067482,2025-10-28 14:55:19.564719,320.2,Mumbai,PayTM,Grocery,DEV_6504,192.168.23.177,0,14,1,0,5.772064,320.2,26536.271,320.2,1,1,1,1,,,0,0,6504,0,23.0,177.0,,0.0,-0.36841068,[],0.0,0.0,[],0.0019039375527887656,0,0.001332756286952136,0,"[{'source': 'model', 'proba': 0.0019039375527887656, 'contrib': 0.0011423625316732593}]",0.13,INFO
TST_F_000011,USER_067885,2025-09-28 17:52:08.564719,10000.0,Kolkata,Gambling_Site,Shopping,DEV_9966,10.0.113.0,1,17,6,0,9.210441,10000.0,26536.271,10000.0,1,1,1,1,,,0,1,9966,0,113.0,0.0,,0.0,-0.0036344896,['round_amount'],0.5,0.1,"[{'rule': 'round_amount', 'score': None, 'reason': ''}]",0.02683902470302316,0,0.038787317292116215,0,"[{'source': 'rule', 'rule': 'round_amount', 'contrib': None}, {'source': 'model', 'proba': 0.02683902470302316, 'contrib': 0.016103414821813895}]",3.88,INFO
TST_F_000027,USER_068166,2025-11-05 05:08:08.564719,194461.39,Mumbai,Flipkart,Entertainment,DEV_8763,10.0.82.119,1,5,2,0,12.177994,194461.39,26536.271,194461.39,1,1,1,1,,,0,0,8763,0,82.0,119.0,,0.0,6.947658,['global_amount_outlier'],0.6947658061981201,0.13895316123962403,"[{'rule': 'global_amount_outlier', 'score': None, 'reason': ''}]",0.6445417795127003,0,0.478969877906815,1,"[{'source': 'rule', 'rule': 'global_amount_outlier', 'contrib': None}, {'source': 'model', 'proba': 0.6445417795127003, 'contrib': 0.38672506770762016}]",47.9,LOW
TST_000161,USER_068648,2025-10-05 17:34:40.564719,457.36,Mumbai,PayTM,Shopping,DEV_7932,192.168.67.23,0,17,6,0,6.127655,457.36,26536.271,457.36,1,1,1,1,,,0,0,7932,0,67.0,23.0,,0.0,-0.3632419,[],0.0,0.0,[],0.002044969618140317,0,0.0014314787326982217,0,"[{'source': 'model', 'proba': 0.002044969618140317, 'contrib': 0.00122698177088419}]",0.14,INFO
TST_F_000001,USER_068696,2025-11-18 10:12:08.564719,18392.85,Chennai,Amazon,Shopping,DEV_8679,10.0.71.123,1,10,1,0,9.819772,18392.85,26536.271,18392.85,1,1,1,1,,,0,0,8679,0,71.0,123.0,,0.0,0.31264395,[],0.0,0.0,[],0.6988021495105502,0,0.4891615046573851,1,"[{'source': 'model', 'proba': 0.6988021495105502, 'contrib': 0.4192812897063301}]",48.92,LOW
TST_000000,USER_068760,2025-11-21 18:01:20.564719,874.13,Delhi,Amazon,Grocery,DEV_5009,192.168.225.225,0,18,4,0,6.7743726,874.13,26536.271,874.13,1,1,1,1,,,0,0,5009,0,225.0,225.0,,0.0,-0.34753624,[],0.0,0.0,[],0.0025465543236298086,0,0.001782588026540866,0,"[{'source': 'model', 'proba': 0.0025465543236298086, 'contrib': 0.0015279325941778851}]",0.18,INFO
TST_F_000021,USER_068940,2025-10-09 21:09:08.564719,29324.01,Chennai,PhonePe,Entertainment,DEV_8943,10.0.116.251,1,21,3,0,10.286196,29324.01,26536.271,29324.01,1,1,1,1,,,0,0,8943,0,116.0,251.0,,0.0,0.7245767,[],0.0,0.0,[],0.6445417795127003,0,0.45117924565889017,1,"[{'source': 'model', 'proba': 0.6445417795127003, 'contrib': 0.38672506770762016}]",45.12,LOW
